date,station,AWND,AWNDattr,PRCP,PRCPattr,SNOW,SNOWattr,SNWD,SNWDattr,TAVG,TAVGattr,TMAX,TMAXattr,TMIN,TMINattr,WDF2,WDF2attr,WDF5,WDF5attr,WSF2,WSF2attr,WSF5,WSF5attr,WT01,WT01attr,WT08,WT08attr,WT02,WT02attr,WT03,WT03attr
2017-05-01,GHCND:USW00014764,43,",,W,",33,",,W,2400",0,",,W,",0,",,W,2400",66,"H,,S,",67,",,W,2400",56,",,W,2400",140,",,W,",310,",,W,",72,",,W,",98,",,W,",1,",,W,",1,",,W,",,,,
2017-05-02,GHCND:USW00014764,26,",,W,",84,",,W,2400",0,",,W,",0,",,W,2400",76,"H,,S,",139,",,W,2400",56,",,W,2400",260,",,W,",260,",,W,",72,",,W,",103,",,W,",1,",,W,",,,,,,
2017-05-03,GHCND:USW00014764,57,",,W,",0,"T,,W,2400",0,",,W,",0,",,W,2400",123,"H,,S,",178,",,W,2400",39,",,W,2400",290,",,W,",330,",,W,",116,",,W,",170,",,W,",,,,,,,,
2017-05-04,GHCND:USW00014764,34,",,W,",0,",,W,2400",0,",,W,",0,",,W,2400",83,"H,,S,",144,",,W,2400",11,",,W,2400",180,",,W,",180,",,W,",81,",,W,",112,",,W,",,,,,,,,
2017-05-05,GHCND:USW00014764,50,",,W,",173,",,W,2400",0,",,W,",0,",,W,2400",78,"H,,S,",100,",,W,2400",67,",,W,2400",100,",,W,",100,",,W,",143,",,W,",174,",,W,",1,",,W,",,,,,,
2017-05-06,GHCND:USW00014764,45,",,W,",33,",,W,2400",0,",,W,",0,",,W,2400",106,"H,,S,",150,",,W,2400",83,",,W,2400",140,",,W,",150,",,W,",107,",,W,",170,",,W,",1,",,W,",,,1,",,W,",,
2017-05-07,GHCND:USW00014764,62,",,W,",3,",,W,2400",0,",,W,",0,",,W,2400",113,"H,,S,",156,",,W,2400",83,",,W,2400",180,",,W,",190,",,W,",125,",,W,",165,",,W,",1,",,W,",,,,,,
2017-05-08,GHCND:USW00014764,34,",,W,",13,",,W,2400",0,",,W,",0,",,W,2400",89,"H,,S,",117,",,W,2400",44,",,W,2400",220,",,W,",250,",,W,",72,",,W,",121,",,W,",1,",,W,",,,,,,
2017-05-09,GHCND:USW00014764,22,",,W,",0,",,W,2400",0,",,W,",0,",,W,2400",69,"H,,S,",117,",,W,2400",0,",,W,2400",90,",,W,",130,",,W,",63,",,W,",89,",,W,",1,",,W,",,,,,,
2017-05-10,GHCND:USW00014764,30,",,W,",0,"T,,W,2400",0,",,W,",0,",,W,2400",86,"H,,S,",133,",,W,2400",56,",,W,2400",120,",,W,",130,",,W,",72,",,W,",94,",,W,",,,,,,,,
2017-05-11,GHCND:USW00014764,33,",,W,",3,",,W,2400",0,",,W,",0,",,W,2400",94,"H,,S,",128,",,W,2400",67,",,W,2400",20,",,W,",20,",,W,",72,",,W,",94,",,W,",1,",,W,",,,,,,
2017-05-12,GHCND:USW00014764,31,",,W,",0,"T,,W,2400",0,",,W,",0,",,W,2400",108,"H,,S,",150,",,W,2400",78,",,W,2400",180,",,W,",170,",,W,",63,",,W,",94,",,W,",1,",,W,",,,,,,
2017-05-13,GHCND:USW00014764,26,",,W,",0,"T,,W,2400",0,",,W,",0,",,W,2400",94,"H,,S,",144,",,W,2400",39,",,W,2400",150,",,W,",140,",,W,",63,",,W,",98,",,W,",1,",,W,",,,,,,
2017-05-14,GHCND:USW00014764,51,",,W,",183,",,W,2400",0,",,W,",0,",,W,2400",81,"H,,S,",89,",,W,2400",72,",,W,2400",350,",,W,",30,",,W,",81,",,W,",174,",,W,",1,",,W,",,,,,,
2017-05-15,GHCND:USW00014764,49,",,W,",10,",,W,2400",0,",,W,",0,",,W,2400",93,"H,,S,",139,",,W,2400",61,",,W,2400",350,",,W,",350,",,W,",98,",,W,",161,",,W,",1,",,W,",,,,,,
2017-05-16,GHCND:USW00014764,41,",,W,",0,",,W,2400",0,",,W,",0,",,W,2400",147,"H,,S,",250,",,W,2400",44,",,W,2400",330,",,W,",330,",,W,",94,",,W,",134,",,W,",,,1,",,W,",,,,
2017-05-17,GHCND:USW00014764,36,",,W,",0,",,W,2400",0,",,W,",0,",,W,2400",183,"H,,S,",250,",,W,2400",83,",,W,2400",170,",,W,",170,",,W,",107,",,W,",139,",,W,",,,,,,,,
2017-05-18,GHCND:USW00014764,36,",,W,",0,"T,,W,2400",0,",,W,",0,",,W,2400",242,"H,,S,",339,",,W,2400",150,",,W,2400",160,",,W,",160,",,W,",103,",,W,",134,",,W,",,,,,,,,
2017-05-19,GHCND:USW00014764,63,",,W,",0,",,W,2400",0,",,W,",0,",,W,2400",241,"H,,S,",294,",,W,2400",117,",,W,2400",290,",,W,",360,",,W,",116,",,W,",161,",,W,",,,,,,,,
2017-05-20,GHCND:USW00014764,37,",,W,",0,",,W,2400",0,",,W,",0,",,W,2400",139,"H,,S,",200,",,W,2400",83,",,W,2400",350,",,W,",360,",,W,",81,",,W,",98,",,W,",,,,,,,,
2017-05-21,GHCND:USW00014764,28,",,W,",0,",,W,2400",0,",,W,",0,",,W,2400",128,"H,,S,",183,",,W,2400",39,",,W,2400",190,",,W,",160,",,W,",72,",,W,",103,",,W,",,,,,,,,
2017-05-22,GHCND:USW00014764,33,",,W,",135,",,W,2400",0,",,W,",0,",,W,2400",119,"H,,S,",133,",,W,2400",89,",,W,2400",180,",,W,",190,",,W,",94,",,W,",139,",,W,",1,",,W,",1,",,W,",,,,
2017-05-23,GHCND:USW00014764,19,",,W,",0,"T,,W,2400",0,",,W,",0,",,W,2400",127,"H,,S,",194,",,W,2400",100,",,W,2400",210,",,W,",190,",,W,",54,",,W,",81,",,W,",1,",,W,",,,,,,
2017-05-24,GHCND:USW00014764,17,",,W,",0,",,W,2400",0,",,W,",0,",,W,2400",141,"H,,S,",200,",,W,2400",94,",,W,2400",100,",,W,",70,",,W,",45,",,W,",63,",,W,",,,,,,,,
2017-05-25,GHCND:USW00014764,51,",,W,",262,",,W,2400",0,",,W,",0,",,W,2400",114,"H,,S,",139,",,W,2400",83,",,W,2400",70,",,W,",70,",,W,",116,",,W,",161,",,W,",1,",,W,",,,,,,
2017-05-26,GHCND:USW00014764,47,",,W,",442,",,W,2400",0,",,W,",0,",,W,2400",105,"H,,S,",133,",,W,2400",89,",,W,2400",60,",,W,",60,",,W,",116,",,W,",183,",,W,",1,",,W,",1,",,W,",,,,
2017-05-27,GHCND:USW00014764,33,",,W,",0,"T,,W,2400",0,",,W,",0,",,W,2400",126,"H,,S,",172,",,W,2400",89,",,W,2400",160,",,W,",170,",,W,",67,",,W,",85,",,W,",1,",,W,",,,,,,
2017-05-28,GHCND:USW00014764,25,",,W,",0,",,W,2400",0,",,W,",0,",,W,2400",111,"H,,S,",150,",,W,2400",72,",,W,2400",150,",,W,",170,",,W,",67,",,W,",89,",,W,",,,,,,,,
2017-05-29,GHCND:USW00014764,47,",,W,",5,",,W,2400",0,",,W,",0,",,W,2400",88,"H,,S,",94,",,W,2400",78,",,W,2400",100,",,W,",110,",,W,",89,",,W,",116,",,W,",1,",,W,",,,,,,
2017-05-30,GHCND:USW00014764,26,",,W,",0,"T,,W,2400",0,",,W,",0,",,W,2400",97,"H,,S,",128,",,W,2400",83,",,W,2400",140,",,W,",140,",,W,",72,",,W,",89,",,W,",1,",,W,",,,,,,
2017-05-31,GHCND:USW00014764,35,",,W,",132,",,W,2400",0,",,W,",0,",,W,2400",123,"H,,S,",161,",,W,2400",106,",,W,2400",130,",,W,",170,",,W,",72,",,W,",103,",,W,",1,",,W,",,,1,",,W,",1,",,W,"
2017-06-01,GHCND:USW00014764,29,",,W,",28,",,W,2400",0,",,W,",0,",,W,2400",146,"H,,S,",222,",,W,2400",100,",,W,2400",290,",,W,",280,",,W,",103,",,W,",148,",,W,",1,",,W,",1,",,W,",1,",,W,",,
2017-06-02,GHCND:USW00014764,39,",,W,",3,",,W,2400",0,",,W,",0,",,W,2400",153,"H,,S,",200,",,W,2400",78,",,W,2400",270,",,W,",270,",,W,",107,",,W,",152,",,W,",,,,,,,,
2017-06-03,GHCND:USW00014764,36,",,W,",0,",,W,2400",0,",,W,",0,",,W,2400",123,"H,,S,",189,",,W,2400",67,",,W,2400",350,",,W,",310,",,W,",76,",,W,",112,",,W,",,,,,,,,
2017-06-04,GHCND:USW00014764,29,",,W,",10,",,W,2400",0,",,W,",0,",,W,2400",144,"H,,S,",217,",,W,2400",67,",,W,2400",180,",,W,",180,",,W,",81,",,W,",116,",,W,",,,,,,,1,",,W,"
2017-06-05,GHCND:USW00014764,41,",,W,",36,",,W,2400",0,",,W,",0,",,W,2400",127,"H,,S,",144,",,W,2400",106,",,W,2400",100,",,W,",70,",,W,",81,",,W,",112,",,W,",1,",,W,",,,,,,
2017-06-06,GHCND:USW00014764,36,",,W,",183,",,W,2400",0,",,W,",0,",,W,2400",102,"H,,S,",117,",,W,2400",89,",,W,2400",40,",,W,",60,",,W,",72,",,W,",130,",,W,",1,",,W,",,,,,,
2017-06-07,GHCND:USW00014764,26,",,W,",8,",,W,2400",0,",,W,",0,",,W,2400",136,"H,,S,",206,",,W,2400",89,",,W,2400",190,",,W,",180,",,W,",72,",,W,",94,",,W,",1,",,W,",,,,,,
2017-06-08,GHCND:USW00014764,33,",,W,",0,",,W,2400",0,",,W,",0,",,W,2400",161,"H,,S,",239,",,W,2400",83,",,W,2400",170,",,W,",180,",,W,",98,",,W,",134,",,W,",,,,,,,,
2017-06-09,GHCND:USW00014764,30,",,W,",0,"T,,W,2400",0,",,W,",0,",,W,2400",152,"H,,S,",233,",,W,2400",106,",,W,2400",290,",,W,",220,",,W,",76,",,W,",103,",,W,",,,,,,,,
2017-06-10,GHCND:USW00014764,30,",,W,",0,",,W,2400",0,",,W,",0,",,W,2400",193,"H,,S,",244,",,W,2400",111,",,W,2400",170,",,W,",170,",,W,",94,",,W,",130,",,W,",,,,,,,,
2017-06-11,GHCND:USW00014764,38,",,W,",0,",,W,2400",0,",,W,",0,",,W,2400",237,"H,,S,",328,",,W,2400",183,",,W,2400",200,",,W,",180,",,W,",94,",,W,",130,",,W,",,,,,,,,
2017-06-12,GHCND:USW00014764,30,",,W,",0,",,W,2400",0,",,W,",0,",,W,2400",268,"H,,S,",317,",,W,2400",189,",,W,2400",160,",,W,",180,",,W,",94,",,W,",116,",,W,",,,,,,,,
2017-06-13,GHCND:USW00014764,40,",,W,",0,"T,,W,2400",0,",,W,",0,",,W,2400",275,"H,,S,",328,",,W,2400",183,",,W,2400",340,",,W,",350,",,W,",89,",,W,",130,",,W,",,,,,,,,
2017-06-14,GHCND:USW00014764,31,",,W,",0,",,W,2400",0,",,W,",0,",,W,2400",201,"H,,S,",244,",,W,2400",111,",,W,2400",290,",,W,",270,",,W,",76,",,W,",116,",,W,",,,,,,,,
2017-06-15,GHCND:USW00014764,34,",,W,",0,",,W,2400",0,",,W,",0,",,W,2400",152,"H,,S,",200,",,W,2400",83,",,W,2400",160,",,W,",150,",,W,",81,",,W,",107,",,W,",,,,,,,,
2017-06-16,GHCND:USW00014764,38,",,W,",104,",,W,2400",0,",,W,",0,",,W,2400",147,"H,,S,",161,",,W,2400",133,",,W,2400",160,",,W,",150,",,W,",76,",,W,",121,",,W,",1,",,W,",,,,,,
2017-06-17,GHCND:USW00014764,18,",,W,",5,",,W,2400",0,",,W,",0,",,W,2400",161,"H,,S,",217,",,W,2400",133,",,W,2400",90,",,W,",270,",,W,",40,",,W,",81,",,W,",1,",,W,",,,,,,
2017-06-18,GHCND:USW00014764,34,",,W,",3,",,W,2400",0,",,W,",0,",,W,2400",192,"H,,S,",250,",,W,2400",156,",,W,2400",180,",,W,",170,",,W,",63,",,W,",134,",,W,",1,",,W,",1,",,W,",,,,
2017-06-19,GHCND:USW00014764,40,",,W,",84,",,W,2400",0,",,W,",0,",,W,2400",214,"H,,S,",272,",,W,2400",183,",,W,2400",180,",,W,",170,",,W,",103,",,W,",157,",,W,",1,",,W,",,,1,",,W,",,
2017-06-20,GHCND:USW00014764,41,",,W,",0,"T,,W,2400",0,",,W,",0,",,W,2400",212,"H,,S,",283,",,W,2400",178,",,W,2400",280,",,W,",160,",,W,",81,",,W,",125,",,W,",1,",,W,",,,,,,
2017-06-21,GHCND:USW00014764,39,",,W,",0,",,W,2400",0,",,W,",0,",,W,2400",224,"H,,S,",278,",,W,2400",156,",,W,2400",290,",,W,",280,",,W,",98,",,W,",130,",,W,",,,,,,,,
2017-06-22,GHCND:USW00014764,27,",,W,",0,",,W,2400",0,",,W,",0,",,W,2400",211,"H,,S,",278,",,W,2400",122,",,W,2400",300,",,W,",290,",,W,",76,",,W,",98,",,W,",,,,,,,,
2017-06-23,GHCND:USW00014764,26,",,W,",0,"T,,W,2400",0,",,W,",0,",,W,2400",186,"H,,S,",233,",,W,2400",156,",,W,2400",190,",,W,",180,",,W,",76,",,W,",116,",,W,",1,",,W,",,,,,1,",,W,"
2017-06-24,GHCND:USW00014764,38,",,W,",0,",,W,2400",0,",,W,",0,",,W,2400",232,"H,,S,",294,",,W,2400",183,",,W,2400",320,",,W,",330,",,W,",94,",,W,",130,",,W,",1,",,W,",,,,,,
2017-06-25,GHCND:USW00014764,34,",,W,",0,"T,,W,2400",0,",,W,",0,",,W,2400",225,"H,,S,",278,",,W,2400",150,",,W,2400",280,",,W,",180,",,W,",89,",,W,",112,",,W,",,,,,,,,
2017-06-26,GHCND:USW00014764,31,",,W,",0,",,W,2400",0,",,W,",0,",,W,2400",198,"H,,S,",244,",,W,2400",144,",,W,2400",310,",,W,",280,",,W,",72,",,W,",98,",,W,",,,,,,,,
2017-06-27,GHCND:USW00014764,27,",,W,",51,",,W,2400",0,",,W,",0,",,W,2400",176,"H,,S,",233,",,W,2400",133,",,W,2400",220,",,W,",170,",,W,",72,",,W,",98,",,W,",1,",,W,",,,1,",,W,",,
2017-06-28,GHCND:USW00014764,30,",,W,",15,",,W,2400",0,",,W,",0,",,W,2400",170,"H,,S,",244,",,W,2400",100,",,W,2400",290,",,W,",300,",,W,",81,",,W,",116,",,W,",,,,,1,",,W,",,
2017-06-29,GHCND:USW00014764,19,",,W,",43,",,W,2400",0,",,W,",0,",,W,2400",178,"H,,S,",233,",,W,2400",111,",,W,2400",240,",,W,",240,",,W,",76,",,W,",148,",,W,",1,",,W,",,,,,,
2017-06-30,GHCND:USW00014764,22,",,W,",94,",,W,2400",0,",,W,",0,",,W,2400",186,"H,,S,",244,",,W,2400",156,",,W,2400",10,",,W,",90,",,W,",76,",,W,",94,",,W,",1,",,W,",,,1,",,W,",,
2017-07-01,GHCND:USW00014764,34,",,W,",0,",,W,2400",0,",,W,",0,",,W,2400",210,"H,,S,",261,",,W,2400",178,",,W,2400",180,",,W,",180,",,W,",103,",,W,",148,",,W,",1,",,W,",1,",,W,",,,,
2017-07-02,GHCND:USW00014764,40,",,W,",0,"T,,W,2400",0,",,W,",0,",,W,2400",239,"H,,S,",306,",,W,2400",183,",,W,2400",280,",,W,",290,",,W,",94,",,W,",130,",,W,",1,",,W,",,,,,,
2017-07-03,GHCND:USW00014764,42,",,W,",0,",,W,2400",0,",,W,",0,",,W,2400",246,"H,,S,",289,",,W,2400",161,",,W,2400",280,",,W,",280,",,W,",81,",,W,",116,",,W,",,,,,,,,
2017-07-04,GHCND:USW00014764,31,",,W,",0,",,W,2400",0,",,W,",0,",,W,2400",220,"H,,S,",278,",,W,2400",139,",,W,2400",320,",,W,",310,",,W,",76,",,W,",107,",,W,",,,,,,,,
2017-07-05,GHCND:USW00014764,27,",,W,",0,",,W,2400",0,",,W,",0,",,W,2400",207,"H,,S,",278,",,W,2400",122,",,W,2400",190,",,W,",200,",,W,",76,",,W,",98,",,W,",,,,,,,,
2017-07-06,GHCND:USW00014764,38,",,W,",0,",,W,2400",0,",,W,",0,",,W,2400",198,"H,,S,",233,",,W,2400",150,",,W,2400",180,",,W,",180,",,W,",89,",,W,",130,",,W,",,,,,,,,
2017-07-07,GHCND:USW00014764,24,",,W,",3,",,W,2400",0,",,W,",0,",,W,2400",184,"H,,S,",228,",,W,2400",144,",,W,2400",210,",,W,",200,",,W,",63,",,W,",85,",,W,",,,,,,,,
2017-07-08,GHCND:USW00014764,32,",,W,",46,",,W,2400",0,",,W,",0,",,W,2400",184,"H,,S,",244,",,W,2400",133,",,W,2400",250,",,W,",250,",,W,",94,",,W,",125,",,W,",,,,,1,",,W,",1,",,W,"
2017-07-09,GHCND:USW00014764,29,",,W,",0,",,W,2400",0,",,W,",0,",,W,2400",220,"H,,S,",278,",,W,2400",150,",,W,2400",260,",,W,",250,",,W,",72,",,W,",121,",,W,",,,,,,,,
2017-07-10,GHCND:USW00014764,28,",,W,",0,",,W,2400",0,",,W,",0,",,W,2400",223,"H,,S,",278,",,W,2400",150,",,W,2400",180,",,W,",190,",,W,",72,",,W,",103,",,W,",,,,,,,,
2017-07-11,GHCND:USW00014764,26,",,W,",3,",,W,2400",0,",,W,",0,",,W,2400",209,"H,,S,",256,",,W,2400",172,",,W,2400",200,",,W,",170,",,W,",63,",,W,",76,",,W,",1,",,W,",,,,,,
2017-07-12,GHCND:USW00014764,27,",,W,",0,"T,,W,2400",0,",,W,",0,",,W,2400",227,"H,,S,",283,",,W,2400",178,",,W,2400",110,",,W,",140,",,W,",67,",,W,",89,",,W,",1,",,W,",,,,,,
2017-07-13,GHCND:USW00014764,28,",,W,",10,",,W,2400",0,",,W,",0,",,W,2400",174,"H,,S,",194,",,W,2400",144,",,W,2400",40,",,W,",40,",,W,",67,",,W,",89,",,W,",1,",,W,",,,,,,
2017-07-14,GHCND:USW00014764,17,",,W,",0,"T,,W,2400",0,",,W,",0,",,W,2400",164,"H,,S,",200,",,W,2400",128,",,W,2400",110,",,W,",110,",,W,",45,",,W,",63,",,W,",,,,,,,,
2017-07-15,GHCND:USW00014764,20,",,W,",0,"T,,W,2400",0,",,W,",0,",,W,2400",181,"H,,S,",228,",,W,2400",156,",,W,2400",150,",,W,",150,",,W,",58,",,W,",67,",,W,",,,,,,,,
2017-07-16,GHCND:USW00014764,24,",,W,",0,",,W,2400",0,",,W,",0,",,W,2400",211,"H,,S,",278,",,W,2400",144,",,W,2400",180,",,W,",180,",,W,",76,",,W,",103,",,W,",1,",,W,",,,,,,
2017-07-17,GHCND:USW00014764,28,",,W,",0,",,W,2400",0,",,W,",0,",,W,2400",209,"H,,S,",256,",,W,2400",167,",,W,2400",90,",,W,",150,",,W,",63,",,W,",89,",,W,",1,",,W,",,,,,,
2017-07-18,GHCND:USW00014764,23,",,W,",145,",,W,2400",0,",,W,",0,",,W,2400",210,"H,,S,",256,",,W,2400",189,",,W,2400",80,",,W,",90,",,W,",58,",,W,",85,",,W,",1,",,W,",1,",,W,",,,1,",,W,"
2017-07-19,GHCND:USW00014764,22,",,W,",0,",,W,2400",0,",,W,",0,",,W,2400",224,"H,,S,",267,",,W,2400",194,",,W,2400",190,",,W,",180,",,W,",63,",,W,",89,",,W,",1,",,W,",1,",,W,",,,,
2017-07-20,GHCND:USW00014764,22,",,W,",0,",,W,2400",0,",,W,",0,",,W,2400",239,"H,,S,",311,",,W,2400",189,",,W,2400",190,",,W,",200,",,W,",76,",,W,",98,",,W,",1,",,W,",,,,,,
2017-07-21,GHCND:USW00014764,33,",,W,",0,",,W,2400",0,",,W,",0,",,W,2400",248,"H,,S,",306,",,W,2400",183,",,W,2400",260,",,W,",170,",,W,",72,",,W,",112,",,W,",,,,,,,,
2017-07-22,GHCND:USW00014764,21,",,W,",0,",,W,2400",0,",,W,",0,",,W,2400",249,"H,,S,",300,",,W,2400",189,",,W,2400",260,",,W,",260,",,W,",63,",,W,",81,",,W,",,,,,,,,
2017-07-23,GHCND:USW00014764,34,",,W,",0,",,W,2400",0,",,W,",0,",,W,2400",207,"H,,S,",222,",,W,2400",150,",,W,2400",40,",,W,",170,",,W,",63,",,W,",85,",,W,",,,,,,,,
2017-07-24,GHCND:USW00014764,33,",,W,",61,",,W,2400",0,",,W,",0,",,W,2400",162,"H,,S,",189,",,W,2400",128,",,W,2400",90,",,W,",70,",,W,",81,",,W,",125,",,W,",1,",,W,",,,,,,
2017-07-25,GHCND:USW00014764,29,",,W,",0,"T,,W,2400",0,",,W,",0,",,W,2400",162,"H,,S,",228,",,W,2400",128,",,W,2400",360,",,W,",10,",,W,",67,",,W,",94,",,W,",,,,,,,,
2017-07-26,GHCND:USW00014764,28,",,W,",0,",,W,2400",0,",,W,",0,",,W,2400",193,"H,,S,",267,",,W,2400",133,",,W,2400",160,",,W,",150,",,W,",63,",,W,",76,",,W,",,,,,,,,
2017-07-27,GHCND:USW00014764,31,",,W,",0,"T,,W,2400",0,",,W,",0,",,W,2400",193,"H,,S,",239,",,W,2400",167,",,W,2400",240,",,W,",260,",,W,",72,",,W,",89,",,W,",,,,,,,,
2017-07-28,GHCND:USW00014764,25,",,W,",0,",,W,2400",0,",,W,",0,",,W,2400",215,"H,,S,",289,",,W,2400",156,",,W,2400",190,",,W,",180,",,W,",67,",,W,",85,",,W,",1,",,W,",,,,,,
2017-07-29,GHCND:USW00014764,33,",,W,",0,",,W,2400",0,",,W,",0,",,W,2400",192,"H,,S,",239,",,W,2400",111,",,W,2400",100,",,W,",100,",,W,",67,",,W,",98,",,W,",,,,,,,,
2017-07-30,GHCND:USW00014764,27,",,W,",0,",,W,2400",0,",,W,",0,",,W,2400",186,"H,,S,",267,",,W,2400",100,",,W,2400",350,",,W,",340,",,W,",63,",,W,",85,",,W,",,,,,,,,
2017-07-31,GHCND:USW00014764,27,",,W,",0,",,W,2400",0,",,W,",0,",,W,2400",205,"H,,S,",272,",,W,2400",111,",,W,2400",190,",,W,",180,",,W,",76,",,W,",107,",,W,",,,,,1,",,W,",1,",,W,"
2017-08-01,GHCND:USW00014764,26,",,W,",0,",,W,2400",0,",,W,",0,",,W,2400",230,"H,,S,",300,",,W,2400",172,",,W,2400",190,",,W,",180,",,W,",81,",,W,",107,",,W,",,,,,,
2017-08-02,GHCND:USW00014764,25,",,W,",0,",,W,2400",0,",,W,",0,",,W,2400",218,"H,,S,",289,",,W,2400",156,",,W,2400",90,",,W,",180,",,W,",72,",,W,",89,",,W,",1,",,W,",,,,
2017-08-03,GHCND:USW00014764,33,",,W,",0,"T,,W,2400",0,",,W,",0,",,W,2400",222,"H,,S,",267,",,W,2400",183,",,W,2400",180,",,W,",170,",,W,",76,",,W,",103,",,W,",1,",,W,",,,,
2017-08-04,GHCND:USW00014764,38,",,W,",0,",,W,2400",0,",,W,",0,",,W,2400",212,"H,,S,",250,",,W,2400",172,",,W,2400",160,",,W,",160,",,W,",94,",,W,",116,",,W,",,,,,,
2017-08-05,GHCND:USW00014764,37,",,W,",13,",,W,2400",0,",,W,",0,",,W,2400",203,"H,,S,",228,",,W,2400",167,",,W,2400",150,",,W,",170,",,W,",76,",,W,",125,",,W,",1,",,W,",1,",,W,",1,",,W,"
2017-08-06,GHCND:USW00014764,37,",,W,",0,",,W,2400",0,",,W,",0,",,W,2400",197,"H,,S,",250,",,W,2400",139,",,W,2400",310,",,W,",300,",,W,",98,",,W,",134,",,W,",,,,,,
2017-08-07,GHCND:USW00014764,36,",,W,",5,",,W,2400",0,",,W,",0,",,W,2400",193,"H,,S,",261,",,W,2400",111,",,W,2400",210,",,W,",220,",,W,",76,",,W,",107,",,W,",1,",,W,",,,,
2017-08-08,GHCND:USW00014764,23,",,W,",36,",,W,2400",0,",,W,",0,",,W,2400",192,"H,,S,",228,",,W,2400",150,",,W,2400",360,",,W,",220,",,W,",63,",,W,",89,",,W,",1,",,W,",,,,
2017-08-09,GHCND:USW00014764,27,",,W,",0,",,W,2400",0,",,W,",0,",,W,2400",197,"H,,S,",278,",,W,2400",117,",,W,2400",170,",,W,",180,",,W,",81,",,W,",107,",,W,",1,",,W,",,,,
2017-08-10,GHCND:USW00014764,25,",,W,",0,",,W,2400",0,",,W,",0,",,W,2400",217,"H,,S,",272,",,W,2400",150,",,W,2400",150,",,W,",140,",,W,",72,",,W,",107,",,W,",,,,,,
2017-08-11,GHCND:USW00014764,22,",,W,",0,",,W,2400",0,",,W,",0,",,W,2400",210,"H,,S,",261,",,W,2400",167,",,W,2400",150,",,W,",150,",,W,",67,",,W,",85,",,W,",1,",,W,",,,,
2017-08-12,GHCND:USW00014764,31,",,W,",20,",,W,2400",0,",,W,",0,",,W,2400",196,"H,,S,",228,",,W,2400",178,",,W,2400",190,",,W,",180,",,W,",76,",,W,",107,",,W,",1,",,W,",,,,
2017-08-13,GHCND:USW00014764,35,",,W,",3,",,W,2400",0,",,W,",0,",,W,2400",227,"H,,S,",300,",,W,2400",161,",,W,2400",320,",,W,",310,",,W,",98,",,W,",130,",,W,",,,,,,
2017-08-14,GHCND:USW00014764,25,",,W,",0,",,W,2400",0,",,W,",0,",,W,2400",208,"H,,S,",272,",,W,2400",128,",,W,2400",190,",,W,",180,",,W,",67,",,W,",89,",,W,",,,,,,
2017-08-15,GHCND:USW00014764,26,",,W,",0,",,W,2400",0,",,W,",0,",,W,2400",203,"H,,S,",261,",,W,2400",150,",,W,2400",190,",,W,",180,",,W,",72,",,W,",121,",,W,",1,",,W,",,,,
2017-08-16,GHCND:USW00014764,36,",,W,",0,",,W,2400",0,",,W,",0,",,W,2400",225,"H,,S,",278,",,W,2400",133,",,W,2400",350,",,W,",350,",,W,",81,",,W,",107,",,W,",,,,,,
2017-08-17,GHCND:USW00014764,25,",,W,",0,",,W,2400",0,",,W,",0,",,W,2400",193,"H,,S,",283,",,W,2400",100,",,W,2400",280,",,W,",280,",,W,",81,",,W,",103,",,W,",,,,,,
2017-08-18,GHCND:USW00014764,36,",,W,",485,",,W,2400",0,",,W,",0,",,W,2400",176,"H,,S,",194,",,W,2400",156,",,W,2400",110,",,W,",110,",,W,",72,",,W,",112,",,W,",1,",,W,",,,,
2017-08-19,GHCND:USW00014764,30,",,W,",3,",,W,2400",0,",,W,",0,",,W,",191,"H,,S,",267,",,W,2400",156,",,W,2400",140,",,W,",210,",,W,",67,",,W,",76,",,W,",1,",,W,",,,,
2017-08-20,GHCND:USW00014764,31,",,W,",0,",,W,2400",0,",,W,",0,",,W,",222,"H,,S,",289,",,W,2400",167,",,W,2400",310,",,W,",290,",,W,",89,",,W,",112,",,W,",,,,,,
2017-08-21,GHCND:USW00014764,27,",,W,",0,",,W,2400",0,",,W,",0,",,W,",222,"H,,S,",300,",,W,2400",144,",,W,2400",190,",,W,",180,",,W,",67,",,W,",98,",,W,",,,,,,
2017-08-22,GHCND:USW00014764,34,",,W,",91,",,W,2400",0,",,W,",0,",,W,",223,"H,,S,",278,",,W,2400",161,",,W,2400",190,",,W,",170,",,W,",94,",,W,",125,",,W,",1,",,W,",1,",,W,",,
2017-08-23,GHCND:USW00014764,43,",,W,",104,",,W,2400",0,",,W,",0,",,W,",232,"H,,S,",267,",,W,2400",156,",,W,2400",270,",,W,",280,",,W,",89,",,W,",130,",,W,",1,",,W,",1,",,W,",,
2017-08-24,GHCND:USW00014764,22,",,W,",0,",,W,2400",0,",,W,",0,",,W,",196,"H,,S,",261,",,W,2400",122,",,W,2400",150,",,W,",260,",,W,",63,",,W,",85,",,W,",,,,,,
2017-08-25,GHCND:USW00014764,32,",,W,",0,",,W,2400",0,",,W,",0,",,W,",188,"H,,S,",233,",,W,2400",117,",,W,2400",310,",,W,",270,",,W,",76,",,W,",116,",,W,",,,,,,
2017-08-26,GHCND:USW00014764,29,",,W,",0,",,W,2400",0,",,W,",0,",,W,",164,"H,,S,",239,",,W,2400",100,",,W,2400",270,",,W,",270,",,W,",81,",,W,",121,",,W,",,,,,,
2017-08-27,GHCND:USW00014764,19,",,W,",0,",,W,2400",0,",,W,",0,",,W,",174,"H,,S,",233,",,W,2400",100,",,W,2400",120,",,W,",140,",,W,",63,",,W,",89,",,W,",,,,,,
2017-08-28,GHCND:USW00014764,21,",,W,",0,",,W,2400",0,",,W,",0,",,W,",162,"H,,S,",228,",,W,2400",100,",,W,2400",120,",,W,",130,",,W,",72,",,W,",98,",,W,",,,,,,
2017-08-29,GHCND:USW00014764,22,",,W,",0,"T,,W,2400",0,",,W,",0,",,W,",150,"H,,S,",206,",,W,2400",83,",,W,2400",150,",,W,",150,",,W,",67,",,W,",81,",,W,",,,,,,
2017-08-30,GHCND:USW00014764,24,",,W,",0,",,W,2400",0,",,W,",0,",,W,",166,"H,,S,",233,",,W,2400",111,",,W,2400",210,",,W,",130,",,W,",58,",,W,",76,",,W,",,,,,,
2017-08-31,GHCND:USW00014764,44,",,W,",0,",,W,2400",0,",,W,",0,",,W,",169,"H,,S,",250,",,W,2400",100,",,W,2400",310,",,W,",320,",,W,",98,",,W,",125,",,W,",,,,,,
2017-09-01,GHCND:USW00014764,49,",,W,",0,",,W,2400",0,",,W,",0,",,W,",142,"H,,S,",189,",,W,2400",78,",,W,2400",280,",,W,",270,",,W,",98,",,W,",134,",,W,",,,,,,,,
2017-09-02,GHCND:USW00014764,32,",,W,",0,",,W,2400",0,",,W,",0,",,W,",136,"H,,S,",217,",,W,2400",61,",,W,2400",130,",,W,",270,",,W,",67,",,W,",98,",,W,",,,,,,,,
2017-09-03,GHCND:USW00014764,52,",,W,",231,",,W,2400",0,",,W,",0,",,W,",139,"H,,S,",178,",,W,2400",106,",,W,2400",140,",,W,",80,",,W,",107,",,W,",143,",,W,",1,",,W,",,,,,,
2017-09-04,GHCND:USW00014764,49,",,W,",3,",,W,2400",0,",,W,",0,",,W,",169,"H,,S,",244,",,W,2400",128,",,W,2400",230,",,W,",270,",,W,",89,",,W,",116,",,W,",,,,,,,,
2017-09-05,GHCND:USW00014764,45,",,W,",0,"T,,W,2400",0,",,W,",0,",,W,",203,"H,,S,",261,",,W,2400",167,",,W,2400",180,",,W,",220,",,W,",72,",,W,",107,",,W,",,,,,,,,
2017-09-06,GHCND:USW00014764,26,",,W,",157,",,W,2400",0,",,W,",0,",,W,",186,"H,,S,",222,",,W,2400",150,",,W,2400",350,",,W,",350,",,W,",98,",,W,",121,",,W,",1,",,W,",1,",,W,",,,,
2017-09-07,GHCND:USW00014764,38,",,W,",155,",,W,2400",0,",,W,",0,",,W,",175,"H,,S,",233,",,W,2400",139,",,W,2400",260,",,W,",240,",,W,",76,",,W,",103,",,W,",1,",,W,",,,,,,
2017-09-08,GHCND:USW00014764,26,",,W,",3,",,W,2400",0,",,W,",0,",,W,",167,"H,,S,",222,",,W,2400",94,",,W,2400",250,",,W,",270,",,W,",67,",,W,",107,",,W,",,,,,,,,
2017-09-09,GHCND:USW00014764,27,",,W,",0,",,W,2400",0,",,W,",0,",,W,",160,"H,,S,",222,",,W,2400",106,",,W,2400",360,",,W,",350,",,W,",63,",,W,",76,",,W,",,,,,,,,
2017-09-10,GHCND:USW00014764,36,",,W,",0,",,W,2400",0,",,W,",0,",,W,",165,"H,,S,",222,",,W,2400",106,",,W,2400",360,",,W,",350,",,W,",67,",,W,",85,",,W,",,,,,,,,
2017-09-11,GHCND:USW00014764,38,",,W,",0,",,W,2400",0,",,W,",0,",,W,",172,"H,,S,",261,",,W,2400",94,",,W,2400",290,",,W,",270,",,W,",72,",,W,",98,",,W,",,,,,,,,
2017-09-12,GHCND:USW00014764,22,",,W,",0,",,W,2400",0,",,W,",0,",,W,",178,"H,,S,",250,",,W,2400",100,",,W,2400",250,",,W,",240,",,W,",63,",,W,",85,",,W,",,,,,,,,
2017-09-13,GHCND:USW00014764,24,",,W,",0,",,W,2400",0,",,W,",0,",,W,",191,"H,,S,",267,",,W,2400",111,",,W,2400",180,",,W,",170,",,W,",76,",,W,",103,",,W,",,,,,,,,
2017-09-14,GHCND:USW00014764,17,",,W,",0,"T,,W,2400",0,",,W,",0,",,W,",196,"H,,S,",267,",,W,2400",128,",,W,2400",170,",,W,",140,",,W,",54,",,W,",81,",,W,",,,,,,,,
2017-09-15,GHCND:USW00014764,24,",,W,",0,"T,,W,2400",0,",,W,",0,",,W,",204,"H,,S,",222,",,W,2400",167,",,W,2400",110,",,W,",130,",,W,",54,",,W,",76,",,W,",1,",,W,",,,,,,
2017-09-16,GHCND:USW00014764,11,",,W,",0,",,W,2400",0,",,W,",0,",,W,",194,"H,,S,",267,",,W,2400",161,",,W,2400",150,",,W,",180,",,W,",54,",,W,",76,",,W,",1,",,W,",,,1,",,W,",1,",,W,"
2017-09-17,GHCND:USW00014764,18,",,W,",0,",,W,2400",0,",,W,",0,",,W,",179,"H,,S,",233,",,W,2400",156,",,W,2400",150,",,W,",140,",,W,",45,",,W,",81,",,W,",1,",,W,",,,1,",,W,",,
2017-09-18,GHCND:USW00014764,22,",,W,",0,",,W,2400",0,",,W,",0,",,W,",167,"H,,S,",194,",,W,2400",150,",,W,2400",90,",,W,",130,",,W,",63,",,W,",76,",,W,",1,",,W,",,,1,",,W,",,
2017-09-19,GHCND:USW00014764,32,",,W,",10,",,W,2400",0,",,W,",0,",,W,",172,"H,,S,",206,",,W,2400",156,",,W,2400",40,",,W,",130,",,W,",54,",,W,",72,",,W,",1,",,W,",,,,,,
2017-09-20,GHCND:USW00014764,45,",,W,",0,"T,,W,2400",0,",,W,",0,",,W,",202,"H,,S,",239,",,W,2400",183,",,W,2400",30,",,W,",60,",,W,",72,",,W,",98,",,W,",1,",,W,",,,,,1,",,W,"
2017-09-21,GHCND:USW00014764,55,",,W,",0,",,W,2400",0,",,W,",0,",,W,",208,"H,,S,",239,",,W,2400",161,",,W,2400",30,",,W,",60,",,W,",94,",,W,",130,",,W,",,,,,,,,
2017-09-22,GHCND:USW00014764,43,",,W,",0,",,W,2400",0,",,W,",0,",,W,",172,"H,,S,",211,",,W,2400",133,",,W,2400",30,",,W,",30,",,W,",72,",,W,",103,",,W,",,,,,,,,
2017-09-23,GHCND:USW00014764,19,",,W,",0,",,W,2400",0,",,W,",0,",,W,",199,"H,,S,",278,",,W,2400",133,",,W,2400",200,",,W,",160,",,W,",40,",,W,",72,",,W,",,,,,,,,
2017-09-24,GHCND:USW00014764,16,",,W,",0,",,W,2400",0,",,W,",0,",,W,",218,"H,,S,",300,",,W,2400",161,",,W,2400",180,",,W,",180,",,W,",63,",,W,",98,",,W,",,,,,,,,
2017-09-25,GHCND:USW00014764,16,",,W,",0,",,W,2400",0,",,W,",0,",,W,",221,"H,,S,",283,",,W,2400",167,",,W,2400",90,",,W,",90,",,W,",58,",,W,",85,",,W,",1,",,W,",,,,,,
2017-09-26,GHCND:USW00014764,13,",,W,",0,",,W,2400",0,",,W,",0,",,W,",207,"H,,S,",272,",,W,2400",156,",,W,2400",190,",,W,",180,",,W,",54,",,W,",81,",,W,",1,",,W,",,,,,,
2017-09-27,GHCND:USW00014764,27,",,W,",0,",,W,2400",0,",,W,",0,",,W,",211,"H,,S,",289,",,W,2400",150,",,W,2400",180,",,W,",160,",,W,",76,",,W,",134,",,W,",1,",,W,",,,,,,
2017-09-28,GHCND:USW00014764,43,",,W,",0,",,W,2400",0,",,W,",0,",,W,",218,"H,,S,",244,",,W,2400",89,",,W,2400",350,",,W,",350,",,W,",98,",,W,",121,",,W,",,,,,,,,
2017-09-29,GHCND:USW00014764,27,",,W,",0,",,W,2400",0,",,W,",0,",,W,",131,"H,,S,",183,",,W,2400",78,",,W,2400",310,",,W,",310,",,W,",67,",,W,",98,",,W,",,,,,,,,
2017-09-30,GHCND:USW00014764,32,",,W,",8,",,W,2400",0,",,W,",0,",,W,",108,"H,,S,",133,",,W,2400",50,",,W,2400",110,",,W,",120,",,W,",72,",,W,",103,",,W,",,,,,,,,
2017-10-01,GHCND:USW00014764,26,",,W,",0,",,W,2400",0,",,W,",0,",,W,",99,"H,,S,",183,",,W,2400",33,",,W,2400",250,",,W,",230,",,W,",63,",,W,",89,",,W,",,,,,,
2017-10-02,GHCND:USW00014764,22,",,W,",0,",,W,2400",0,",,W,",0,",,W,",123,"H,,S,",206,",,W,2400",44,",,W,2400",100,",,W,",130,",,W,",63,",,W,",94,",,W,",,,,,,
2017-10-03,GHCND:USW00014764,35,",,W,",0,",,W,2400",0,",,W,",0,",,W,",116,"H,,S,",178,",,W,2400",44,",,W,2400",220,",,W,",210,",,W,",81,",,W,",112,",,W,",,,,,,
2017-10-04,GHCND:USW00014764,38,",,W,",0,",,W,2400",0,",,W,",0,",,W,",153,"H,,S,",233,",,W,2400",83,",,W,2400",230,",,W,",220,",,W,",76,",,W,",116,",,W,",,,,,,
2017-10-05,GHCND:USW00014764,32,",,W,",0,",,W,2400",0,",,W,",0,",,W,",203,"H,,S,",244,",,W,2400",111,",,W,2400",260,",,W,",230,",,W,",81,",,W,",107,",,W,",,,,,,
2017-10-06,GHCND:USW00014764,22,",,W,",8,",,W,2400",0,",,W,",0,",,W,",145,"H,,S,",200,",,W,2400",78,",,W,2400",260,",,W,",270,",,W,",76,",,W,",107,",,W,",,,,,,
2017-10-07,GHCND:USW00014764,20,",,W,",0,"T,,W,2400",0,",,W,",0,",,W,",139,"H,,S,",194,",,W,2400",83,",,W,2400",150,",,W,",140,",,W,",63,",,W,",98,",,W,",1,",,W,",1,",,W,",,
2017-10-08,GHCND:USW00014764,39,",,W,",30,",,W,2400",0,",,W,",0,",,W,",185,"H,,S,",228,",,W,2400",167,",,W,2400",170,",,W,",170,",,W,",81,",,W,",134,",,W,",1,",,W,",1,",,W,",,
2017-10-09,GHCND:USW00014764,20,",,W,",117,",,W,2400",0,",,W,",0,",,W,",178,"H,,S,",194,",,W,2400",150,",,W,2400",170,",,W,",180,",,W,",81,",,W,",121,",,W,",1,",,W,",1,",,W,",,
2017-10-10,GHCND:USW00014764,30,",,W,",0,",,W,2400",0,",,W,",0,",,W,",202,"H,,S,",250,",,W,2400",128,",,W,2400",310,",,W,",310,",,W,",89,",,W,",103,",,W,",1,",,W,",,,,
2017-10-11,GHCND:USW00014764,22,",,W,",3,",,W,2400",0,",,W,",0,",,W,",154,"H,,S,",211,",,W,2400",106,",,W,2400",20,",,W,",20,",,W,",67,",,W,",89,",,W,",,,,,,
2017-10-12,GHCND:USW00014764,25,",,W,",0,",,W,2400",0,",,W,",0,",,W,",106,"H,,S,",144,",,W,2400",22,",,W,2400",130,",,W,",130,",,W,",58,",,W,",85,",,W,",,,,,,
2017-10-13,GHCND:USW00014764,26,",,W,",0,",,W,2400",0,",,W,",0,",,W,",79,"H,,S,",156,",,W,2400",6,",,W,2400",170,",,W,",140,",,W,",63,",,W,",98,",,W,",,,,,,
2017-10-14,GHCND:USW00014764,23,",,W,",0,",,W,2400",0,",,W,",0,",,W,",154,"H,,S,",211,",,W,2400",111,",,W,2400",160,",,W,",220,",,W,",63,",,W,",89,",,W,",1,",,W,",1,",,W,",,
2017-10-15,GHCND:USW00014764,40,",,W,",0,",,W,2400",0,",,W,",0,",,W,",160,"H,,S,",211,",,W,2400",128,",,W,2400",210,",,W,",210,",,W,",89,",,W,",121,",,W,",1,",,W,",1,",,W,",,
2017-10-16,GHCND:USW00014764,52,",,W,",0,"T,,W,2400",0,",,W,",0,",,W,",156,"H,,S,",200,",,W,2400",67,",,W,2400",340,",,W,",250,",,W,",89,",,W,",134,",,W,",,,,,,
2017-10-17,GHCND:USW00014764,32,",,W,",0,",,W,2400",0,",,W,",0,",,W,",74,"H,,S,",133,",,W,2400",6,",,W,2400",220,",,W,",220,",,W,",76,",,W,",98,",,W,",,,,,,
2017-10-18,GHCND:USW00014764,26,",,W,",0,",,W,2400",0,",,W,",0,",,W,",118,"H,,S,",217,",,W,2400",44,",,W,2400",220,",,W,",230,",,W,",76,",,W,",94,",,W,",,,,,,
2017-10-19,GHCND:USW00014764,31,",,W,",0,",,W,2400",0,",,W,",0,",,W,",118,"H,,S,",194,",,W,2400",39,",,W,2400",180,",,W,",180,",,W,",81,",,W,",116,",,W,",,,,,,
2017-10-20,GHCND:USW00014764,29,",,W,",0,",,W,2400",0,",,W,",0,",,W,",158,"H,,S,",211,",,W,2400",72,",,W,2400",270,",,W,",270,",,W,",81,",,W,",125,",,W,",,,,,,
2017-10-21,GHCND:USW00014764,14,",,W,",0,",,W,2400",0,",,W,",0,",,W,",132,"H,,S,",211,",,W,2400",56,",,W,2400",150,",,W,",150,",,W,",58,",,W,",89,",,W,",,,,,,
2017-10-22,GHCND:USW00014764,35,",,W,",0,",,W,2400",0,",,W,",0,",,W,",118,"H,,S,",167,",,W,2400",72,",,W,2400",90,",,W,",120,",,W,",76,",,W,",103,",,W,",1,",,W,",,,,
2017-10-23,GHCND:USW00014764,31,",,W,",0,",,W,2400",0,",,W,",0,",,W,",126,"H,,S,",167,",,W,2400",106,",,W,2400",140,",,W,",150,",,W,",67,",,W,",98,",,W,",1,",,W,",1,",,W,",,
2017-10-24,GHCND:USW00014764,53,",,W,",15,",,W,2400",0,",,W,",0,",,W,",158,"H,,S,",178,",,W,2400",139,",,W,2400",160,",,W,",140,",,W,",98,",,W,",148,",,W,",1,",,W,",,,,
2017-10-25,GHCND:USW00014764,54,",,W,",351,",,W,2400",0,",,W,",0,",,W,",172,"H,,S,",183,",,W,2400",144,",,W,2400",180,",,W,",140,",,W,",125,",,W,",165,",,W,",1,",,W,",,,1,",,W,"
2017-10-26,GHCND:USW00014764,34,",,W,",447,",,W,2400",0,",,W,",0,",,W,",149,"H,,S,",156,",,W,2400",83,",,W,2400",280,",,W,",290,",,W,",98,",,W,",143,",,W,",1,",,W,",,,1,",,W,"
2017-10-27,GHCND:USW00014764,34,",,W,",0,"T,,W,2400",0,",,W,",0,",,W,",109,"H,,S,",156,",,W,2400",44,",,W,2400",260,",,W,",260,",,W,",72,",,W,",98,",,W,",,,,,,
2017-10-28,GHCND:USW00014764,28,",,W,",0,",,W,2400",0,",,W,",0,",,W,",86,"H,,S,",156,",,W,2400",17,",,W,2400",170,",,W,",160,",,W,",72,",,W,",98,",,W,",,,,,,
2017-10-29,GHCND:USW00014764,58,",,W,",142,",,W,2400",0,",,W,",0,",,W,",139,"H,,S,",167,",,W,2400",133,",,W,2400",130,",,W,",140,",,W,",139,",,W,",192,",,W,",1,",,W,",,,,
2017-10-30,GHCND:USW00014764,86,",,W,",193,",,W,2400",0,",,W,",0,",,W,",146,"H,,S,",172,",,W,2400",78,",,W,2400",130,",,W,",130,",,W,",215,",,W,",309,",,W,",1,",,W,",,,,
2017-10-31,GHCND:USW00014764,55,",,W,",0,",,W,2400",0,",,W,",0,",,W,",96,"H,,S,",139,",,W,2400",56,",,W,2400",260,",,W,",250,",,W,",98,",,W,",148,",,W,",,,,,,
2017-11-01,GHCND:USW00014764,19,",,W,",0,"T,,W,2400",0,",,W,",0,",,W,",66,"H,,S,",117,",,W,2400",-10,",,W,2400",230,",,W,",230,",,W,",76,",,W,",94,",,W,",,,,
2017-11-02,GHCND:USW00014764,41,",,W,",0,"T,,W,2400",0,",,W,",0,",,W,",123,"H,,S,",150,",,W,2400",111,",,W,2400",190,",,W,",210,",,W,",76,",,W,",107,",,W,",1,",,W,",,
2017-11-03,GHCND:USW00014764,40,",,W,",0,",,W,2400",0,",,W,",0,",,W,",158,"H,,S,",211,",,W,2400",67,",,W,2400",310,",,W,",330,",,W,",112,",,W,",157,",,W,",,,,
2017-11-04,GHCND:USW00014764,26,",,W,",0,",,W,2400",0,",,W,",0,",,W,",83,"H,,S,",117,",,W,2400",28,",,W,2400",350,",,W,",330,",,W,",67,",,W,",89,",,W,",,,,
2017-11-05,GHCND:USW00014764,39,",,W,",8,",,W,2400",0,",,W,",0,",,W,",82,"H,,S,",133,",,W,2400",39,",,W,2400",140,",,W,",130,",,W,",103,",,W,",134,",,W,",1,",,W,",,
2017-11-06,GHCND:USW00014764,33,",,W,",81,",,W,2400",0,",,W,",0,",,W,",141,"H,,S,",167,",,W,2400",67,",,W,2400",330,",,W,",350,",,W,",89,",,W,",143,",,W,",1,",,W,",,
2017-11-07,GHCND:USW00014764,30,",,W,",0,"T,,W,2400",0,"T,,W,",0,",,W,",67,"H,,S,",89,",,W,2400",17,",,W,2400",20,",,W,",20,",,W,",67,",,W,",94,",,W,",,,,
2017-11-08,GHCND:USW00014764,34,",,W,",0,",,W,2400",0,",,W,",0,",,W,",34,"H,,S,",67,",,W,2400",-38,",,W,2400",20,",,W,",10,",,W,",67,",,W,",94,",,W,",,,,
2017-11-09,GHCND:USW00014764,29,",,W,",0,",,W,2400",0,",,W,",0,",,W,",5,"H,,S,",89,",,W,2400",-55,",,W,2400",140,",,W,",210,",,W,",72,",,W,",103,",,W,",,,,
2017-11-10,GHCND:USW00014764,73,",,W,",8,",,W,2400",0,",,W,",0,",,W,",38,"H,,S,",94,",,W,2400",-60,",,W,2400",270,",,W,",280,",,W,",139,",,W,",192,",,W,",1,",,W,",,
2017-11-11,GHCND:USW00014764,35,",,W,",0,",,W,2400",0,",,W,",0,",,W,",-35,"H,,S,",22,",,W,2400",-82,",,W,2400",360,",,W,",330,",,W,",63,",,W,",121,",,W,",,,,
2017-11-12,GHCND:USW00014764,19,",,W,",0,",,W,2400",0,",,W,",0,",,W,",-4,"H,,S,",56,",,W,2400",-43,",,W,2400",150,",,W,",140,",,W,",54,",,W,",89,",,W,",,,,
2017-11-13,GHCND:USW00014764,24,",,W,",23,",,W,2400",3,",,W,",0,"T,,W,",-14,"H,,S,",17,",,W,2400",-55,",,W,2400",10,",,W,",360,",,W,",54,",,W,",72,",,W,",1,",,W,",1,",,W,"
2017-11-14,GHCND:USW00014764,30,",,W,",0,",,W,2400",0,",,W,",0,",,W,",23,"H,,S,",61,",,W,2400",-5,",,W,2400",20,",,W,",20,",,W,",63,",,W,",76,",,W,",,,,
2017-11-15,GHCND:USW00014764,22,",,W,",0,",,W,2400",0,",,W,",0,",,W,",20,"H,,S,",50,",,W,2400",-38,",,W,2400",130,",,W,",150,",,W,",63,",,W,",81,",,W,",,,,
2017-11-16,GHCND:USW00014764,26,",,W,",140,",,W,2400",0,",,W,",0,",,W,",19,"H,,S,",89,",,W,2400",-32,",,W,2400",150,",,W,",140,",,W,",76,",,W,",107,",,W,",1,",,W,",,
2017-11-17,GHCND:USW00014764,45,",,W,",0,",,W,2400",0,",,W,",0,",,W,",33,"H,,S,",56,",,W,2400",-49,",,W,2400",290,",,W,",270,",,W,",94,",,W,",139,",,W,",1,",,W,",,
2017-11-18,GHCND:USW00014764,24,",,W,",56,",,W,2400",0,",,W,",0,",,W,",-9,"H,,S,",100,",,W,2400",-60,",,W,2400",180,",,W,",150,",,W,",63,",,W,",94,",,W,",1,",,W,",,
2017-11-19,GHCND:USW00014764,63,",,W,",109,",,W,2400",0,",,W,",0,",,W,",87,"H,,S,",133,",,W,2400",0,",,W,2400",270,",,W,",270,",,W,",130,",,W,",170,",,W,",1,",,W,",,
2017-11-20,GHCND:USW00014764,59,",,W,",0,",,W,2400",0,",,W,",0,",,W,",11,"H,,S,",39,",,W,2400",-32,",,W,2400",280,",,W,",280,",,W,",130,",,W,",165,",,W,",,,,
2017-11-21,GHCND:USW00014764,32,",,W,",0,",,W,2400",0,",,W,",0,",,W,",23,"H,,S,",111,",,W,2400",-43,",,W,2400",180,",,W,",180,",,W,",72,",,W,",107,",,W,",,,,
2017-11-22,GHCND:USW00014764,28,",,W,",109,",,W,2400",0,",,W,",0,",,W,",59,"H,,S,",72,",,W,2400",0,",,W,2400",320,",,W,",320,",,W,",76,",,W,",107,",,W,",1,",,W,",,
2017-11-23,GHCND:USW00014764,24,",,W,",0,",,W,2400",0,",,W,",0,",,W,",11,"H,,S,",50,",,W,2400",-38,",,W,2400",240,",,W,",270,",,W,",58,",,W,",81,",,W,",,,,
2017-11-24,GHCND:USW00014764,36,",,W,",0,",,W,2400",0,",,W,",0,",,W,",15,"H,,S,",83,",,W,2400",-27,",,W,2400",220,",,W,",230,",,W,",72,",,W,",98,",,W,",,,,
2017-11-25,GHCND:USW00014764,36,",,W,",0,",,W,2400",0,",,W,",0,",,W,",65,"H,,S,",111,",,W,2400",22,",,W,2400",180,",,W,",180,",,W,",81,",,W,",112,",,W,",,,,
2017-11-26,GHCND:USW00014764,37,",,W,",0,"T,,W,2400",0,",,W,",0,",,W,",63,"H,,S,",89,",,W,2400",-32,",,W,2400",290,",,W,",290,",,W,",107,",,W,",161,",,W,",,,,
2017-11-27,GHCND:USW00014764,41,",,W,",0,",,W,2400",0,",,W,",0,",,W,",4,"H,,S,",61,",,W,2400",-66,",,W,2400",280,",,W,",290,",,W,",94,",,W,",139,",,W,",,,,
2017-11-28,GHCND:USW00014764,34,",,W,",0,",,W,2400",0,",,W,",0,",,W,",-39,"H,,S,",39,",,W,2400",-82,",,W,2400",210,",,W,",220,",,W,",81,",,W,",112,",,W,",,,,
2017-11-29,GHCND:USW00014764,41,",,W,",0,"T,,W,2400",0,",,W,",0,",,W,",59,"H,,S,",150,",,W,2400",-5,",,W,2400",280,",,W,",270,",,W,",116,",,W,",165,",,W,",,,,
2017-11-30,GHCND:USW00014764,26,",,W,",0,",,W,2400",0,",,W,",0,",,W,",12,"H,,S,",78,",,W,2400",-55,",,W,2400",190,",,W,",210,",,W,",72,",,W,",98,",,W,",,,,
2017-12-01,GHCND:USW00014764,31,",,W,",20,",,W,2400",0,",,W,",0,",,W,",67,"H,,S,",83,",,W,2400",-16,",,W,2400",190,",,W,",170,",,W,",67,",,W,",112,",,W,",1,",,W,",,,,,,,,,,
2017-12-02,GHCND:USW00014764,13,",,W,",0,",,W,2400",0,",,W,",0,",,W,",13,"H,,S,",44,",,W,2400",-21,",,W,2400",130,",,W,",140,",,W,",45,",,W,",63,",,W,",,,,,,,,,,,,
2017-12-03,GHCND:USW00014764,18,",,W,",0,",,W,2400",0,",,W,",0,",,W,",7,"H,,S,",56,",,W,2400",-38,",,W,2400",130,",,W,",60,",,W,",40,",,W,",63,",,W,",,,,,,,,,,,,
2017-12-04,GHCND:USW00014764,22,",,W,",0,",,W,2400",0,",,W,",0,",,W,",-4,"H,,S,",50,",,W,2400",-55,",,W,2400",140,",,W,",140,",,W,",63,",,W,",76,",,W,",,,,,,,,,,,,
2017-12-05,GHCND:USW00014764,38,",,W,",84,",,W,2400",0,",,W,",0,",,W,",22,"H,,S,",111,",,W,2400",-16,",,W,2400",170,",,W,",170,",,W,",130,",,W,",201,",,W,",1,",,W,",,,,,,,,,,
2017-12-06,GHCND:USW00014764,55,",,W,",79,",,W,2400",0,",,W,",0,",,W,",86,"H,,S,",122,",,W,2400",-5,",,W,2400",180,",,W,",180,",,W,",157,",,W,",197,",,W,",1,",,W,",,,,,,,,,,
2017-12-07,GHCND:USW00014764,46,",,W,",0,",,W,2400",0,",,W,",0,",,W,",16,"H,,S,",61,",,W,2400",-21,",,W,2400",260,",,W,",270,",,W,",89,",,W,",116,",,W,",,,,,,,,,,,,
2017-12-08,GHCND:USW00014764,39,",,W,",0,",,W,2400",0,",,W,",0,",,W,",12,"H,,S,",33,",,W,2400",-16,",,W,2400",220,",,W,",220,",,W,",81,",,W,",103,",,W,",,,,,,,,,,,,
2017-12-09,GHCND:USW00014764,26,",,W,",124,",,W,2400",157,",,W,",0,",,W,",-1,"H,,S,",22,",,W,2400",-16,",,W,2400",350,",,W,",350,",,W,",67,",,W,",103,",,W,",1,",,W,",,,,,,,,,,
2017-12-10,GHCND:USW00014764,40,",,W,",5,",,W,2400",5,",,W,",130,",,W,",-4,"H,,S,",28,",,W,2400",-32,",,W,2400",230,",,W,",270,",,W,",72,",,W,",112,",,W,",1,",,W,",,,,,,,,,,
2017-12-11,GHCND:USW00014764,42,",,W,",0,",,W,2400",0,",,W,",80,",,W,",1,"H,,S,",33,",,W,2400",-32,",,W,2400",250,",,W,",240,",,W,",76,",,W,",125,",,W,",,,,,,,,,,,,
2017-12-12,GHCND:USW00014764,38,",,W,",206,",,W,2400",58,",,W,",80,",,W,",-43,"H,,S,",6,",,W,2400",-71,",,W,2400",260,",,W,",270,",,W,",76,",,W,",107,",,W,",1,",,W,",1,",,W,",1,",,W,",1,",,W,",,,,
2017-12-13,GHCND:USW00014764,55,",,W,",0,",,W,2400",0,"T,,W,",80,",,W,",-24,"H,,S,",-5,",,W,2400",-82,",,W,2400",270,",,W,",260,",,W,",94,",,W,",143,",,W,",,,,,,,,,,,,
2017-12-14,GHCND:USW00014764,59,",,W,",0,",,W,2400",0,",,W,",80,",,W,",-69,"H,,S,",-32,",,W,2400",-99,",,W,2400",270,",,W,",250,",,W,",81,",,W,",125,",,W,",,,,,,,,,,,,
2017-12-15,GHCND:USW00014764,14,",,W,",3,",,W,2400",3,",,W,",80,",,W,",-89,"H,,S,",-49,",,W,2400",-143,",,W,2400",260,",,W,",230,",,W,",58,",,W,",76,",,W,",1,",,W,",,,,,,,,,,
2017-12-16,GHCND:USW00014764,34,",,W,",0,"T,,W,2400",0,"T,,W,",80,",,W,",-60,"H,,S,",-5,",,W,2400",-116,",,W,2400",340,",,W,",340,",,W,",89,",,W,",139,",,W,",1,",,W,",,,,,1,",,W,",1818,",,W,",,
2017-12-17,GHCND:USW00014764,20,",,W,",0,",,W,2400",0,",,W,",80,",,W,",-82,"H,,S,",-32,",,W,2400",-149,",,W,2400",360,",,W,",270,",,W,",58,",,W,",85,",,W,",,,,,,,1,",,W,",1219,",,W,",,
2017-12-18,GHCND:USW00014764,19,",,W,",64,",,W,2400",89,",,W,",80,",,W,",-88,"H,,S,",-32,",,W,2400",-132,",,W,2400",230,",,W,",220,",,W,",45,",,W,",76,",,W,",1,",,W,",,,,,1,",,W,",1412,",,W,",,
2017-12-19,GHCND:USW00014764,24,",,W,",8,",,W,2400",0,"T,,W,",150,",,W,",-16,"H,,S,",61,",,W,2400",-55,",,W,2400",200,",,W,",210,",,W,",72,",,W,",107,",,W,",1,",,W,",,,,,,,1917,",,W,",,
2017-12-20,GHCND:USW00014764,45,",,W,",0,",,W,2400",0,",,W,",100,",,W,",27,"H,,S,",44,",,W,2400",-49,",,W,2400",280,",,W,",300,",,W,",94,",,W,",134,",,W,",,,,,,,,,1141,",,W,",,
2017-12-21,GHCND:USW00014764,27,",,W,",0,",,W,2400",0,",,W,",100,",,W,",-49,"H,,S,",-38,",,W,2400",-88,",,W,2400",320,",,W,",310,",,W,",72,",,W,",89,",,W,",,,,,,,,,1109,",,W,",,
2017-12-22,GHCND:USW00014764,31,",,W,",53,",,W,2400",89,",,W,",100,",,W,",-81,"H,,S,",-66,",,W,2400",-93,",,W,2400",60,",,W,",50,",,W,",63,",,W,",72,",,W,",1,",,W,",,,,,,,1524,",,W,",,
2017-12-23,GHCND:USW00014764,32,",,W,",142,",,W,2400",5,",,W,",180,",,W,",-57,"H,,S,",11,",,W,2400",-82,",,W,2400",340,",,W,",20,",,W,",63,",,W,",85,",,W,",1,",,W,",,,,,,,1210,",,W,",,
2017-12-24,GHCND:USW00014764,33,",,W,",0,",,W,2400",0,",,W,",150,",,W,",-4,"H,,S,",11,",,W,2400",-49,",,W,2400",40,",,W,",50,",,W,",72,",,W,",107,",,W,",,,,,,,,,2309,",,W,",,
2017-12-25,GHCND:USW00014764,54,",,W,",86,",,W,2400",127,",,W,",150,",,W,",-54,"H,,S,",-16,",,W,2400",-93,",,W,2400",340,",,W,",340,",,W,",107,",,W,",161,",,W,",,,,,,,,,933,",,W,",1,",,W,"
2017-12-26,GHCND:USW00014764,40,",,W,",0,",,W,2400",0,",,W,",230,",,W,",-62,"H,,S,",-49,",,W,2400",-132,",,W,2400",280,",,W,",250,",,W,",94,",,W,",134,",,W,",,,,,,,,,1220,",,W,",,
2017-12-27,GHCND:USW00014764,38,",,W,",0,",,W,2400",0,",,W,",230,",,W,",-122,"H,,S,",-93,",,W,2400",-177,",,W,2400",270,",,W,",290,",,W,",98,",,W,",121,",,W,",,,,,,,,,1435,",,W,",,
2017-12-28,GHCND:USW00014764,32,",,W,",0,",,W,2400",0,",,W,",230,",,W,",-169,"H,,S,",-132,",,W,2400",-210,",,W,2400",310,",,W,",310,",,W,",76,",,W,",98,",,W,",,,,,,,,,1403,",,W,",,
2017-12-29,GHCND:USW00014764,17,",,W,",5,",,W,2400",10,",,W,",230,",,W,",-187,"H,,S,",-143,",,W,2400",-249,",,W,2400",330,",,W,",40,",,W,",45,",,W,",89,",,W,",,,,,,,,,1341,",,W,",,
2017-12-30,GHCND:USW00014764,15,",,W,",0,",,W,2400",0,",,W,",230,",,W,",-183,"H,,S,",-110,",,W,2400",-249,",,W,2400",100,",,W,",70,",,W,",36,",,W,",85,",,W,",,,,,,,,,1109,",,W,",,
2017-12-31,GHCND:USW00014764,34,",,W,",0,"T,,W,2400",0,"T,,W,",230,",,W,",-167,"H,,S,",-116,",,W,2400",-232,",,W,2400",330,",,W,",330,",,W,",76,",,W,",116,",,W,",,,,,,,,,1315,",,W,",,
2018-01-01,GHCND:USW00014764,24,",,W,",0,",,W,2400",0,",,W,",230,",,W,",-193,"H,,S,",-121,",,W,2400",-271,",,W,2400",330,",,W,",330,",,W,",81,",,W,",116,",,W,",1,",,W,",1,",,W,",,,,,,,,
2018-01-02,GHCND:USW00014764,27,",,W,",0,",,W,2400",0,",,W,",230,",,W,",-182,"H,,S,",-110,",,W,2400",-266,",,W,2400",290,",,W,",290,",,W,",58,",,W,",72,",,W,",,,,,,,,,,,,
2018-01-03,GHCND:USW00014764,18,",,W,",0,",,W,2400",0,",,W,",200,",,W,",-103,"H,,S,",-32,",,W,2400",-138,",,W,2400",180,",,W,",170,",,W,",58,",,W,",98,",,W,",,,,,,,,,,,,
2018-01-04,GHCND:USW00014764,75,",,W,",157,",,W,2400",302,",,W,",200,",,W,",-79,"H,,S,",-10,",,W,2400",-155,",,W,2400",300,",,W,",310,",,W,",165,",,W,",233,",,W,",1,",,W,",,,1,",,W,",1,",,W,",,,,
2018-01-05,GHCND:USW00014764,70,",,W,",3,",,W,2400",3,",,W,",410,",,W,",-88,"H,,S,",-43,",,W,2400",-177,",,W,2400",290,",,W,",300,",,W,",125,",,W,",188,",,W,",,,1,",,W,",,,1,",,W,",,,,
2018-01-06,GHCND:USW00014764,61,",,W,",0,"T,,W,2400",0,"T,,W,",410,",,W,",-173,"H,,S,",-155,",,W,2400",-205,",,W,2400",300,",,W,",290,",,W,",107,",,W,",139,",,W,",,,1,",,W,",,,1,",,W,",,,,
2018-01-07,GHCND:USW00014764,25,",,W,",0,",,W,2400",0,"T,,W,",380,",,W,",-176,"H,,S,",-99,",,W,2400",-243,",,W,2400",210,",,W,",220,",,W,",58,",,W,",76,",,W,",,,,,,,,,,,,
2018-01-08,GHCND:USW00014764,32,",,W,",5,",,W,2400",3,",,W,",380,",,W,",-79,"H,,S,",-10,",,W,2400",-116,",,W,2400",200,",,W,",200,",,W,",67,",,W,",94,",,W,",1,",,W,",,,,,,,,,,
2018-01-09,GHCND:USW00014764,46,",,W,",0,",,W,2400",0,",,W,",360,",,W,",-1,"H,,S,",39,",,W,2400",-66,",,W,2400",280,",,W,",300,",,W,",125,",,W,",161,",,W,",,,,,,,,,,,,
2018-01-10,GHCND:USW00014764,28,",,W,",0,",,W,2400",0,",,W,",360,",,W,",-39,"H,,S,",11,",,W,2400",-121,",,W,2400",190,",,W,",190,",,W,",76,",,W,",98,",,W,",,,,,,,,,,,,
2018-01-11,GHCND:USW00014764,35,",,W,",0,"T,,W,2400",0,",,W,",360,",,W,",31,"H,,S,",83,",,W,2400",0,",,W,2400",190,",,W,",190,",,W,",67,",,W,",89,",,W,",1,",,W,",,,,,,,,,,
2018-01-12,GHCND:USW00014764,63,",,W,",150,",,W,2400",0,",,W,",280,",,W,",69,"H,,S,",94,",,W,2400",39,",,W,2400",180,",,W,",180,",,W,",112,",,W,",157,",,W,",1,",,W,",,,1,",,W,",,,,,,
2018-01-13,GHCND:USW00014764,69,",,W,",185,",,W,2400",0,",,W,",50,",,W,",60,"H,,S,",100,",,W,2400",-88,",,W,2400",180,",,W,",190,",,W,",125,",,W,",179,",,W,",1,",,W,",,,1,",,W,",,,,,,
2018-01-14,GHCND:USW00014764,39,",,W,",0,"T,,W,2400",0,"T,,W,",30,",,W,",-84,"H,,S,",-66,",,W,2400",-127,",,W,2400",320,",,W,",340,",,W,",72,",,W,",103,",,W,",,,,,,,,,,,,
2018-01-15,GHCND:USW00014764,46,",,W,",3,",,W,2400",8,",,W,",30,",,W,",-121,"H,,S,",-82,",,W,2400",-160,",,W,2400",340,",,W,",60,",,W,",76,",,W,",112,",,W,",1,",,W,",,,,,,,,,,
2018-01-16,GHCND:USW00014764,16,",,W,",8,",,W,2400",13,",,W,",50,",,W,",-71,"H,,S,",-27,",,W,2400",-99,",,W,2400",50,",,W,",100,",,W,",63,",,W,",85,",,W,",1,",,W,",1,",,W,",,,,,,,,
2018-01-17,GHCND:USW00014764,22,",,W,",104,",,W,2400",140,",,W,",130,",,W,",-29,"H,,S,",-16,",,W,2400",-38,",,W,2400",60,",,W,",140,",,W,",54,",,W,",76,",,W,",1,",,W,",,,,,,,,,,
2018-01-18,GHCND:USW00014764,22,",,W,",0,",,W,2400",0,",,W,",150,",,W,",-43,"H,,S,",-10,",,W,2400",-105,",,W,2400",320,",,W,",,,36,",,W,",,,1,",,W,",,,,,,,,,,
2018-01-19,GHCND:USW00014764,18,",,W,",0,"T,,W,2400",0,"T,,W,",130,",,W,",-56,"H,,S,",0,",,W,2400",-116,",,W,2400",190,",,W,",190,",,W,",54,",,W,",63,",,W,",1,",,W,",,,,,,,,,,
2018-01-20,GHCND:USW00014764,41,",,W,",0,",,W,2400",0,",,W,",130,",,W,",17,"H,,S,",83,",,W,2400",-16,",,W,2400",270,",,W,",280,",,W,",76,",,W,",116,",,W,",,,,,,,,,,,,
2018-01-21,GHCND:USW00014764,16,",,W,",0,",,W,2400",0,",,W,",100,",,W,",31,"H,,S,",61,",,W,2400",-21,",,W,2400",240,",,W,",240,",,W,",54,",,W,",67,",,W,",,,,,,,,,,,,
2018-01-22,GHCND:USW00014764,52,",,W,",28,",,W,2400",10,",,W,",80,",,W,",-11,"H,,S,",17,",,W,2400",-60,",,W,2400",60,",,W,",60,",,W,",76,",,W,",116,",,W,",1,",,W,",1,",,W,",,,,,1,",,W,",,
2018-01-23,GHCND:USW00014764,31,",,W,",193,",,W,2400",0,"T,,W,",80,",,W,",-37,"H,,S,",28,",,W,2400",-55,",,W,2400",310,",,W,",310,",,W,",67,",,W,",85,",,W,",1,",,W,",,,,,,,1,",,W,",,
2018-01-24,GHCND:USW00014764,42,",,W,",0,",,W,2400",0,",,W,",80,",,W,",8,"H,,S,",33,",,W,2400",-77,",,W,2400",280,",,W,",280,",,W,",98,",,W,",125,",,W,",,,,,,,,,,,,
2018-01-25,GHCND:USW00014764,31,",,W,",0,",,W,2400",0,",,W,",80,",,W,",-74,"H,,S,",-43,",,W,2400",-110,",,W,2400",320,",,W,",340,",,W,",72,",,W,",98,",,W,",,,,,,,,,,,,
2018-01-26,GHCND:USW00014764,17,",,W,",0,",,W,2400",0,",,W,",80,",,W,",-79,"H,,S,",-5,",,W,2400",-132,",,W,2400",290,",,W,",140,",,W,",63,",,W,",76,",,W,",,,,,,,,,,,,
2018-01-27,GHCND:USW00014764,39,",,W,",0,",,W,2400",0,",,W,",80,",,W,",-14,"H,,S,",83,",,W,2400",-105,",,W,2400",190,",,W,",180,",,W,",81,",,W,",116,",,W,",,,,,,,,,,,,
2018-01-28,GHCND:USW00014764,30,",,W,",0,",,W,2400",0,",,W,",80,",,W,",77,"H,,S,",89,",,W,2400",-5,",,W,2400",190,",,W,",180,",,W,",58,",,W,",76,",,W,",,,,,,,,,,,,
2018-01-29,GHCND:USW00014764,47,",,W,",0,",,W,2400",0,",,W,",50,",,W,",-4,"H,,S,",17,",,W,2400",-49,",,W,2400",40,",,W,",50,",,W,",81,",,W,",121,",,W,",,,,,,,,,,,,
2018-01-30,GHCND:USW00014764,60,",,W,",0,",,W,2400",0,",,W,",50,",,W,",-58,"H,,S,",-49,",,W,2400",-77,",,W,2400",10,",,W,",360,",,W,",107,",,W,",152,",,W,",,,,,,,,,,,531,",,W,"
2018-01-31,GHCND:USW00014764,29,",,W,",0,",,W,2400",0,",,W,",50,",,W,",-64,"H,,S,",-5,",,W,2400",-121,",,W,2400",200,",,W,",170,",,W,",76,",,W,",107,",,W,",,,,,,,,,,,2159,",,W,"
2018-02-01,GHCND:USW00014764,29,",,W,",33,",,W,2400",33,",,W,",50,",,W,",-13,"H,,S,",33,",,W,2400",-32,",,W,2400",200,",,W,",210,",,W,",81,",,W,",125,",,W,",1,",,W,",,,,,,,,,,,,
2018-02-02,GHCND:USW00014764,57,",,W,",41,",,W,2400",15,",,W,",80,",,W,",-19,"H,,S,",33,",,W,2400",-160,",,W,2400",290,",,W,",300,",,W,",116,",,W,",148,",,W,",1,",,W,",,,,,,,,,,,,
2018-02-03,GHCND:USW00014764,33,",,W,",0,",,W,2400",0,",,W,",80,",,W,",-124,"H,,S,",-49,",,W,2400",-166,",,W,2400",200,",,W,",210,",,W,",67,",,W,",98,",,W,",1,",,W,",,,,,,,,,,,,
2018-02-04,GHCND:USW00014764,51,",,W,",160,",,W,2400",0,"T,,W,",50,",,W,",-13,"H,,S,",56,",,W,2400",-60,",,W,2400",210,",,W,",210,",,W,",116,",,W,",157,",,W,",1,",,W,",1,",,W,",1,",,W,",,,,,,,,
2018-02-05,GHCND:USW00014764,43,",,W,",86,",,W,2400",0,",,W,",30,",,W,",34,"H,,S,",61,",,W,2400",-71,",,W,2400",290,",,W,",300,",,W,",134,",,W,",179,",,W,",1,",,W,",,,,,,,,,,,,
2018-02-06,GHCND:USW00014764,22,",,W,",0,",,W,2400",0,",,W,",30,",,W,",-50,"H,,S,",-5,",,W,2400",-82,",,W,2400",210,",,W,",120,",,W,",63,",,W,",103,",,W,",,,,,,,,,,,,,,
2018-02-07,GHCND:USW00014764,37,",,W,",244,",,W,2400",168,",,W,",30,",,W,",-55,"H,,S,",-32,",,W,2400",-88,",,W,2400",310,",,W,",310,",,W,",94,",,W,",130,",,W,",1,",,W,",1,",,W,",,,1,",,W,",1,",,W,",,,,
2018-02-08,GHCND:USW00014764,30,",,W,",0,",,W,2400",0,",,W,",180,",,W,",-54,"H,,S,",-21,",,W,2400",-105,",,W,2400",290,",,W,",330,",,W,",72,",,W,",116,",,W,",,,,,,,,,,,,,,
2018-02-09,GHCND:USW00014764,30,",,W,",0,"T,,W,2400",3,",,W,",150,",,W,",-74,"H,,S,",-21,",,W,2400",-132,",,W,2400",280,",,W,",280,",,W,",63,",,W,",85,",,W,",1,",,W,",,,,,,,,,,,,
2018-02-10,GHCND:USW00014764,15,",,W,",61,",,W,2400",8,",,W,",150,",,W,",-3,"H,,S,",50,",,W,2400",-43,",,W,2400",180,",,W,",180,",,W,",58,",,W,",76,",,W,",1,",,W,",,,,,1,",,W,",,,,,,
2018-02-11,GHCND:USW00014764,38,",,W,",132,",,W,2400",0,",,W,",100,",,W,",19,"H,,S,",33,",,W,2400",6,",,W,2400",60,",,W,",60,",,W,",67,",,W,",81,",,W,",1,",,W,",,,,,,,,,,,,
2018-02-12,GHCND:USW00014764,41,",,W,",0,",,W,2400",0,",,W,",80,",,W,",18,"H,,S,",33,",,W,2400",-43,",,W,2400",320,",,W,",290,",,W,",94,",,W,",139,",,W,",1,",,W,",,,,,,,,,,,,
2018-02-13,GHCND:USW00014764,26,",,W,",0,",,W,2400",0,",,W,",50,",,W,",-45,"H,,S,",-16,",,W,2400",-82,",,W,2400",160,",,W,",160,",,W,",67,",,W,",89,",,W,",,,,,,,,,,,,,,
2018-02-14,GHCND:USW00014764,39,",,W,",0,",,W,2400",0,",,W,",50,",,W,",-2,"H,,S,",72,",,W,2400",-27,",,W,2400",190,",,W,",200,",,W,",76,",,W,",107,",,W,",,,,,,,,,,,,,,
2018-02-15,GHCND:USW00014764,14,",,W,",0,",,W,2400",0,",,W,",50,",,W,",23,"H,,S,",67,",,W,2400",-38,",,W,2400",170,",,W,",160,",,W,",72,",,W,",89,",,W,",1,",,W,",,,,,,,,,,,,
2018-02-16,GHCND:USW00014764,26,",,W,",25,",,W,2400",0,",,W,",30,",,W,",47,"H,,S,",78,",,W,2400",-27,",,W,2400",330,",,W,",340,",,W,",116,",,W,",170,",,W,",1,",,W,",,,,,1,",,W,",,,,,,
2018-02-17,GHCND:USW00014764,41,",,W,",36,",,W,2400",33,",,W,",30,",,W,",-22,"H,,S,",17,",,W,2400",-66,",,W,2400",180,",,W,",170,",,W,",98,",,W,",148,",,W,",1,",,W,",,,,,,,,,,,,
2018-02-18,GHCND:USW00014764,31,",,W,",99,",,W,2400",152,",,W,",200,",,W,",13,"H,,S,",44,",,W,2400",-60,",,W,2400",300,",,W,",310,",,W,",94,",,W,",125,",,W,",1,",,W,",,,,,,,,,,,,
2018-02-19,GHCND:USW00014764,32,",,W,",3,",,W,2400",0,",,W,",100,",,W,",-15,"H,,S,",56,",,W,2400",-88,",,W,2400",170,",,W,",170,",,W,",112,",,W,",143,",,W,",,,,,,,,,,,,,,
2018-02-20,GHCND:USW00014764,16,",,W,",3,",,W,2400",0,",,W,",100,",,W,",49,"H,,S,",67,",,W,2400",28,",,W,2400",60,",,W,",60,",,W,",58,",,W,",67,",,W,",1,",,W,",,,,,1,",,W,",,,,,,
2018-02-21,GHCND:USW00014764,35,",,W,",0,",,W,2400",0,",,W,",0,"T,,W,",75,"H,,S,",200,",,W,2400",17,",,W,2400",310,",,W,",330,",,W,",94,",,W,",134,",,W,",,,,,,,,,,,1819,",,W,",,
2018-02-22,GHCND:USW00014764,26,",,W,",0,",,W,2400",0,",,W,",0,"T,,W,",49,"H,,S,",72,",,W,2400",-21,",,W,2400",350,",,W,",340,",,W,",76,",,W,",112,",,W,",,,,,,,,,,,309,",,W,",,
2018-02-23,GHCND:USW00014764,39,",,W,",58,",,W,2400",3,",,W,",0,"T,,W,",-4,"H,,S,",22,",,W,2400",-43,",,W,2400",180,",,W,",190,",,W,",76,",,W,",103,",,W,",1,",,W,",,,,,,,,,1913,",,W,",1,",,W,"
2018-02-24,GHCND:USW00014764,32,",,W,",0,",,W,2400",0,",,W,",0,"T,,W,",43,"H,,S,",111,",,W,2400",-5,",,W,2400",320,",,W,",340,",,W,",81,",,W,",107,",,W,",1,",,W,",,,,,,,,,1729,",,W,",,
2018-02-25,GHCND:USW00014764,47,",,W,",122,",,W,2400",41,",,W,",0,"T,,W,",11,"H,,S,",33,",,W,2400",-10,",,W,2400",90,",,W,",90,",,W,",94,",,W,",134,",,W,",1,",,W,",,,,,,,,,935,",,W,",1,",,W,"
2018-02-26,GHCND:USW00014764,33,",,W,",0,",,W,2400",0,",,W,",0,"T,,W,",33,"H,,S,",100,",,W,2400",-10,",,W,2400",290,",,W,",280,",,W,",89,",,W,",116,",,W,",,,,,,,,,,,1555,",,W,",,
2018-02-27,GHCND:USW00014764,23,",,W,",0,",,W,2400",0,",,W,",0,"T,,W,",27,"H,,S,",89,",,W,2400",-38,",,W,2400",150,",,W,",160,",,W,",63,",,W,",94,",,W,",,,,,,,,,,,1504,",,W,",,
2018-02-28,GHCND:USW00014764,29,",,W,",0,",,W,2400",0,",,W,",0,",,W,",60,"H,,S,",144,",,W,2400",11,",,W,2400",170,",,W,",170,",,W,",72,",,W,",107,",,W,",,,,,,,,,,,1649,",,W,",,
2018-03-01,GHCND:USW00014764,38,",,W,",0,"T,,W,2400",0,",,W,",0,",,W,",57,"H,,S,",111,",,W,2400",11,",,W,2400",50,",,W,",60,",,W,",103,",,W,",134,",,W,",,,,,,,,
2018-03-02,GHCND:USW00014764,85,",,W,",25,",,W,2400",0,"T,,W,",0,"T,,W,",25,"H,,S,",44,",,W,2400",0,",,W,2400",40,",,W,",30,",,W,",139,",,W,",179,",,W,",1,",,W,",1,",,W,",,,,
2018-03-03,GHCND:USW00014764,81,",,W,",0,",,W,2400",0,",,W,",0,",,W,",41,"H,,S,",67,",,W,2400",17,",,W,2400",20,",,W,",360,",,W,",139,",,W,",206,",,W,",,,,,,,,
2018-03-04,GHCND:USW00014764,57,",,W,",3,",,W,2400",8,",,W,",0,",,W,",38,"H,,S,",56,",,W,2400",0,",,W,2400",50,",,W,",50,",,W,",112,",,W,",134,",,W,",1,",,W,",,,,,,
2018-03-05,GHCND:USW00014764,58,",,W,",15,",,W,2400",33,",,W,",50,",,W,",24,"H,,S,",61,",,W,2400",-5,",,W,2400",40,",,W,",20,",,W,",116,",,W,",165,",,W,",1,",,W,",,,,,,
2018-03-06,GHCND:USW00014764,43,",,W,",0,",,W,2400",0,",,W,",0,"T,,W,",13,"H,,S,",39,",,W,2400",-5,",,W,2400",30,",,W,",50,",,W,",89,",,W,",121,",,W,",,,,,,,,
2018-03-07,GHCND:USW00014764,69,",,W,",99,",,W,2400",130,",,W,",0,",,W,",6,"H,,S,",6,",,W,2400",-5,",,W,2400",40,",,W,",40,",,W,",103,",,W,",139,",,W,",1,",,W,",,,,,,
2018-03-08,GHCND:USW00014764,56,",,W,",251,",,W,2400",269,",,W,",250,",,W,",-5,"H,,S,",6,",,W,2400",-16,",,W,2400",30,",,W,",360,",,W,",112,",,W,",161,",,W,",1,",,W,",,,1,",,W,",,
2018-03-09,GHCND:USW00014764,26,",,W,",0,"T,,W,2400",0,"T,,W,",300,",,W,",-13,"H,,S,",17,",,W,2400",-66,",,W,2400",180,",,W,",180,",,W,",54,",,W,",63,",,W,",1,",,W,",,,,,1,",,W,"
2018-03-10,GHCND:USW00014764,45,",,W,",0,"T,,W,2400",0,"T,,W,",200,",,W,",-2,"H,,S,",39,",,W,2400",-55,",,W,2400",290,",,W,",280,",,W,",112,",,W,",139,",,W,",1,",,W,",,,,,,
2018-03-11,GHCND:USW00014764,41,",,W,",0,",,W,2400",0,",,W,",200,",,W,",16,"H,,S,",50,",,W,2400",-16,",,W,2400",300,",,W,",290,",,W,",72,",,W,",94,",,W,",,,,,,,,
2018-03-12,GHCND:USW00014764,50,",,W,",0,",,W,2400",0,"T,,W,",180,",,W,",2,"H,,S,",28,",,W,2400",-49,",,W,2400",60,",,W,",60,",,W,",107,",,W,",130,",,W,",,,,,,,,
2018-03-13,GHCND:USW00014764,81,",,W,",262,",,W,2400",292,",,W,",150,",,W,",2,"H,,S,",22,",,W,2400",-21,",,W,2400",350,",,W,",340,",,W,",130,",,W,",197,",,W,",1,",,W,",,,1,",,W,",,
2018-03-14,GHCND:USW00014764,41,",,W,",64,",,W,2400",71,",,W,",410,",,W,",7,"H,,S,",33,",,W,2400",0,",,W,2400",220,",,W,",250,",,W,",67,",,W,",98,",,W,",1,",,W,",,,,,,
2018-03-15,GHCND:USW00014764,51,",,W,",0,"T,,W,2400",0,"T,,W,",300,",,W,",16,"H,,S,",44,",,W,2400",0,",,W,2400",280,",,W,",280,",,W,",116,",,W,",152,",,W,",1,",,W,",,,,,,
2018-03-16,GHCND:USW00014764,60,",,W,",0,",,W,2400",0,",,W,",250,",,W,",1,"H,,S,",22,",,W,2400",-43,",,W,2400",290,",,W,",300,",,W,",139,",,W,",192,",,W,",,,,,,,,
2018-03-17,GHCND:USW00014764,62,",,W,",0,",,W,2400",0,",,W,",230,",,W,",-44,"H,,S,",-10,",,W,2400",-99,",,W,2400",320,",,W,",320,",,W,",161,",,W,",224,",,W,",,,,,,,,
2018-03-18,GHCND:USW00014764,40,",,W,",0,",,W,2400",0,",,W,",230,",,W,",-77,"H,,S,",-21,",,W,2400",-132,",,W,2400",320,",,W,",350,",,W,",107,",,W,",161,",,W,",,,,,,,,
2018-03-19,GHCND:USW00014764,41,",,W,",0,",,W,2400",0,",,W,",230,",,W,",-58,"H,,S,",6,",,W,2400",-121,",,W,2400",310,",,W,",320,",,W,",107,",,W,",148,",,W,",,,,,,,,
2018-03-20,GHCND:USW00014764,35,",,W,",0,",,W,2400",0,",,W,",200,",,W,",-22,"H,,S,",39,",,W,2400",-77,",,W,2400",170,",,W,",340,",,W,",76,",,W,",107,",,W,",,,,,,,,
2018-03-21,GHCND:USW00014764,60,",,W,",0,",,W,2400",0,",,W,",200,",,W,",-3,"H,,S,",39,",,W,2400",-32,",,W,2400",40,",,W,",30,",,W,",89,",,W,",139,",,W,",,,,,,,,
2018-03-22,GHCND:USW00014764,59,",,W,",13,",,W,2400",33,",,W,",230,",,W,",25,"H,,S,",61,",,W,2400",-10,",,W,2400",350,",,W,",30,",,W,",98,",,W,",170,",,W,",1,",,W,",,,,,,
2018-03-23,GHCND:USW00014764,32,",,W,",0,",,W,2400",0,",,W,",200,",,W,",31,"H,,S,",78,",,W,2400",-27,",,W,2400",170,",,W,",50,",,W,",76,",,W,",107,",,W,",,,,,,,,
2018-03-24,GHCND:USW00014764,38,",,W,",13,",,W,2400",3,",,W,",180,",,W,",39,"H,,S,",72,",,W,2400",6,",,W,2400",20,",,W,",340,",,W,",81,",,W,",112,",,W,",1,",,W,",,,,,,
2018-03-25,GHCND:USW00014764,52,",,W,",0,"T,,W,2400",0,"T,,W,",150,",,W,",14,"H,,S,",39,",,W,2400",-27,",,W,2400",60,",,W,",70,",,W,",125,",,W,",152,",,W,",1,",,W,",,,,,,
2018-03-26,GHCND:USW00014764,34,",,W,",0,",,W,2400",0,",,W,",150,",,W,",3,"H,,S,",50,",,W,2400",-43,",,W,2400",80,",,W,",90,",,W,",76,",,W,",94,",,W,",,,,,,,,
2018-03-27,GHCND:USW00014764,22,",,W,",0,",,W,2400",0,",,W,",150,",,W,",9,"H,,S,",83,",,W,2400",-60,",,W,2400",70,",,W,",80,",,W,",72,",,W,",89,",,W,",,,,,,,,
2018-03-28,GHCND:USW00014764,19,",,W,",3,",,W,2400",0,"T,,W,",130,",,W,",46,"H,,S,",89,",,W,2400",0,",,W,2400",190,",,W,",160,",,W,",72,",,W,",107,",,W,",,,,,,,,
2018-03-29,GHCND:USW00014764,22,",,W,",51,",,W,2400",0,",,W,",100,",,W,",39,"H,,S,",100,",,W,2400",-16,",,W,2400",170,",,W,",90,",,W,",63,",,W,",76,",,W,",1,",,W,",,,,,,
2018-03-30,GHCND:USW00014764,26,",,W,",15,",,W,2400",0,",,W,",50,",,W,",77,"H,,S,",144,",,W,2400",50,",,W,2400",350,",,W,",340,",,W,",72,",,W,",112,",,W,",1,",,W,",,,1,",,W,",,
2018-03-31,GHCND:USW00014764,59,",,W,",0,",,W,2400",0,",,W,",0,"T,,W,",61,"H,,S,",111,",,W,2400",17,",,W,2400",280,",,W,",180,",,W,",107,",,W,",139,",,W,",,,,,,,,
2018-04-01,GHCND:USW00014764,59,",,W,",0,",,W,2400",0,",,W,",0,",,W,",79,"H,,S,",139,",,W,2400",-5,",,W,2400",290,",,W,",300,",,W,",139,",,W,",165,",,W,",,,,,,,,,,,,
2018-04-02,GHCND:USW00014764,19,",,W,",23,",,W,2400",3,",,W,",0,",,W,",11,"H,,S,",33,",,W,2400",-27,",,W,2400",80,",,W,",90,",,W,",58,",,W,",76,",,W,",1,",,W,",,,,,,,,,,
2018-04-03,GHCND:USW00014764,36,",,W,",43,",,W,2400",0,"T,,W,",0,",,W,",17,"H,,S,",72,",,W,2400",-21,",,W,2400",170,",,W,",160,",,W,",112,",,W,",148,",,W,",1,",,W,",,,,,,,,,,
2018-04-04,GHCND:USW00014764,32,",,W,",168,",,W,2400",0,"T,,W,",0,",,W,",34,"H,,S,",67,",,W,2400",28,",,W,2400",270,",,W,",240,",,W,",98,",,W,",157,",,W,",1,",,W,",1,",,W,",,,,,,,,
2018-04-05,GHCND:USW00014764,72,",,W,",0,",,W,2400",0,",,W,",0,",,W,",17,"H,,S,",44,",,W,2400",-32,",,W,2400",290,",,W,",290,",,W,",134,",,W,",201,",,W,",,,,,,,,,,,,
2018-04-06,GHCND:USW00014764,44,",,W,",36,",,W,2400",13,",,W,",0,",,W,",-3,"H,,S,",44,",,W,2400",-49,",,W,2400",180,",,W,",170,",,W,",112,",,W,",152,",,W,",1,",,W,",,,1,",,W,",,,,,,
2018-04-07,GHCND:USW00014764,43,",,W,",15,",,W,2400",0,"T,,W,",0,"T,,W,",38,"H,,S,",78,",,W,2400",-10,",,W,2400",290,",,W,",290,",,W,",107,",,W,",134,",,W,",1,",,W,",,,,,,,,,,
2018-04-08,GHCND:USW00014764,40,",,W,",0,",,W,2400",0,",,W,",0,",,W,",21,"H,,S,",67,",,W,2400",-32,",,W,2400",330,",,W,",330,",,W,",89,",,W,",130,",,W,",,,,,,,,,,,,
2018-04-09,GHCND:USW00014764,42,",,W,",0,"T,,W,2400",0,"T,,W,",0,",,W,",9,"H,,S,",61,",,W,2400",-32,",,W,2400",300,",,W,",330,",,W,",81,",,W,",121,",,W,",1,",,W,",,,,,,,,,,
2018-04-10,GHCND:USW00014764,43,",,W,",0,",,W,2400",0,",,W,",0,",,W,",16,"H,,S,",44,",,W,2400",-27,",,W,2400",80,",,W,",90,",,W,",72,",,W,",89,",,W,",,,,,,,,,,,,
2018-04-11,GHCND:USW00014764,38,",,W,",0,",,W,2400",0,",,W,",0,",,W,",16,"H,,S,",72,",,W,2400",-38,",,W,2400",180,",,W,",170,",,W,",94,",,W,",121,",,W,",1,",,W,",,,,,,,,,,
2018-04-12,GHCND:USW00014764,41,",,W,",46,",,W,2400",0,",,W,",0,",,W,",50,"H,,S,",100,",,W,2400",-21,",,W,2400",160,",,W,",160,",,W,",103,",,W,",134,",,W,",1,",,W,",,,,,,,,,,
2018-04-13,GHCND:USW00014764,29,",,W,",13,",,W,2400",0,",,W,",0,",,W,",98,"H,,S,",167,",,W,2400",56,",,W,2400",90,",,W,",180,",,W,",89,",,W,",134,",,W,",1,",,W,",,,,,,,,,,
2018-04-14,GHCND:USW00014764,45,",,W,",0,"T,,W,2400",0,",,W,",0,",,W,",75,"H,,S,",89,",,W,2400",0,",,W,2400",350,",,W,",330,",,W,",94,",,W,",125,",,W,",,,,,,,,,,,,
2018-04-15,GHCND:USW00014764,48,",,W,",25,",,W,2400",3,",,W,",0,"T,,W,",-10,"H,,S,",6,",,W,2400",-27,",,W,2400",30,",,W,",30,",,W,",81,",,W,",139,",,W,",1,",,W,",,,,,1,",,W,",1,",,W,",,
2018-04-16,GHCND:USW00014764,101,",,W,",610,",,W,2400",0,"T,,W,",0,"T,,W,",18,"H,,S,",83,",,W,2400",6,",,W,2400",90,",,W,",60,",,W,",165,",,W,",233,",,W,",1,",,W,",,,1,",,W,",1,",,W,",1,",,W,",,
2018-04-17,GHCND:USW00014764,38,",,W,",0,"T,,W,2400",0,",,W,",0,",,W,",69,"H,,S,",83,",,W,2400",28,",,W,2400",280,",,W,",290,",,W,",89,",,W,",116,",,W,",1,",,W,",,,,,,,,,1,",,W,"
2018-04-18,GHCND:USW00014764,50,",,W,",0,",,W,2400",0,",,W,",0,",,W,",58,"H,,S,",117,",,W,2400",11,",,W,2400",290,",,W,",290,",,W,",107,",,W,",148,",,W,",,,,,,,,,,,,
2018-04-19,GHCND:USW00014764,30,",,W,",5,",,W,2400",0,",,W,",0,",,W,",62,"H,,S,",89,",,W,2400",33,",,W,2400",310,",,W,",150,",,W,",72,",,W,",94,",,W,",,,,,,,,,,,,
2018-04-20,GHCND:USW00014764,67,",,W,",0,"T,,W,2400",0,",,W,",0,",,W,",61,"H,,S,",111,",,W,2400",17,",,W,2400",320,",,W,",340,",,W,",130,",,W,",174,",,W,",,,,,,,,,,,,
2018-04-21,GHCND:USW00014764,42,",,W,",0,",,W,2400",0,",,W,",0,",,W,",70,"H,,S,",139,",,W,2400",-5,",,W,2400",340,",,W,",320,",,W,",94,",,W,",139,",,W,",,,,,,,,,,,,
2018-04-22,GHCND:USW00014764,42,",,W,",0,",,W,2400",0,",,W,",0,",,W,",83,"H,,S,",156,",,W,2400",0,",,W,2400",340,",,W,",330,",,W,",94,",,W,",125,",,W,",,,,,,,,,,,,
2018-04-23,GHCND:USW00014764,38,",,W,",0,",,W,2400",0,",,W,",0,",,W,",87,"H,,S,",167,",,W,2400",0,",,W,2400",180,",,W,",170,",,W,",94,",,W,",130,",,W,",,,,,,,,,,,,
2018-04-24,GHCND:USW00014764,55,",,W,",0,",,W,2400",0,",,W,",0,",,W,",96,"H,,S,",178,",,W,2400",22,",,W,2400",180,",,W,",190,",,W,",130,",,W,",174,",,W,",,,,,,,,,,,,
2018-04-25,GHCND:USW00014764,35,",,W,",333,",,W,2400",0,",,W,",0,",,W,",98,"H,,S,",122,",,W,2400",83,",,W,2400",140,",,W,",150,",,W,",94,",,W,",143,",,W,",1,",,W,",,,,,,,,,,
2018-04-26,GHCND:USW00014764,35,",,W,",107,",,W,2400",0,",,W,",0,",,W,",115,"H,,S,",194,",,W,2400",83,",,W,2400",270,",,W,",270,",,W,",98,",,W,",143,",,W,",1,",,W,",,,,,,,,,1,",,W,"
2018-04-27,GHCND:USW00014764,28,",,W,",53,",,W,2400",0,",,W,",0,",,W,",104,"H,,S,",156,",,W,2400",44,",,W,2400",90,",,W,",170,",,W,",81,",,W,",103,",,W,",1,",,W,",,,,,,,,,,
2018-04-28,GHCND:USW00014764,28,",,W,",0,",,W,2400",0,",,W,",0,",,W,",102,"H,,S,",156,",,W,2400",72,",,W,2400",160,",,W,",160,",,W,",89,",,W,",107,",,W,",1,",,W,",,,,,,,,,,
2018-04-29,GHCND:USW00014764,23,",,W,",5,",,W,2400",0,",,W,",0,",,W,",84,"H,,S,",111,",,W,2400",61,",,W,2400",90,",,W,",90,",,W,",58,",,W,",85,",,W,",1,",,W,",,,,,,,,,,
2018-04-30,GHCND:USW00014764,18,",,W,",0,",,W,2400",0,",,W,",0,",,W,",65,"H,,S,",89,",,W,2400",28,",,W,2400",90,",,W,",90,",,W,",58,",,W,",85,",,W,",,,,,,,,,,,,
2018-05-01,GHCND:USW00014764,27,",,W,",0,",,W,2400",0,",,W,",0,",,W,",78,"H,,S,",156,",,W,2400",6,",,W,2400",170,",,W,",340,",,W,",81,",,W,",103,",,W,",,,,,,
2018-05-02,GHCND:USW00014764,37,",,W,",0,",,W,2400",0,",,W,",0,",,W,",193,"H,,S,",322,",,W,2400",94,",,W,2400",270,",,W,",280,",,W,",98,",,W,",157,",,W,",,,,,,
2018-05-03,GHCND:USW00014764,25,",,W,",76,",,W,2400",0,",,W,",0,",,W,",225,"H,,S,",267,",,W,2400",100,",,W,2400",80,",,W,",90,",,W,",76,",,W,",94,",,W,",1,",,W,",1,",,W,",,
2018-05-04,GHCND:USW00014764,25,",,W,",3,",,W,2400",0,",,W,",0,",,W,",129,"H,,S,",189,",,W,2400",100,",,W,2400",90,",,W,",90,",,W,",76,",,W,",94,",,W,",1,",,W,",,,1,",,W,"
2018-05-05,GHCND:USW00014764,47,",,W,",0,",,W,2400",0,",,W,",0,",,W,",167,"H,,S,",228,",,W,2400",106,",,W,2400",270,",,W,",290,",,W,",148,",,W,",215,",,W,",,,,,,
2018-05-06,GHCND:USW00014764,17,",,W,",13,",,W,2400",0,",,W,",0,",,W,",149,"H,,S,",194,",,W,2400",94,",,W,2400",190,",,W,",200,",,W,",81,",,W,",130,",,W,",,,,,,
2018-05-07,GHCND:USW00014764,31,",,W,",0,",,W,2400",0,",,W,",0,",,W,",130,"H,,S,",178,",,W,2400",61,",,W,2400",180,",,W,",170,",,W,",76,",,W,",103,",,W,",1,",,W,",,,,
2018-05-08,GHCND:USW00014764,30,",,W,",0,",,W,2400",0,",,W,",0,",,W,",101,"H,,S,",167,",,W,2400",44,",,W,2400",170,",,W,",170,",,W,",81,",,W,",107,",,W,",1,",,W,",,,1,",,W,"
2018-05-09,GHCND:USW00014764,25,",,W,",0,",,W,2400",0,",,W,",0,",,W,",102,"H,,S,",156,",,W,2400",72,",,W,2400",80,",,W,",160,",,W,",63,",,W,",81,",,W,",1,",,W,",,,1,",,W,"
2018-05-10,GHCND:USW00014764,34,",,W,",0,",,W,2400",0,",,W,",0,",,W,",91,"H,,S,",161,",,W,2400",61,",,W,2400",190,",,W,",170,",,W,",72,",,W,",116,",,W,",1,",,W,",,,1,",,W,"
2018-05-11,GHCND:USW00014764,36,",,W,",0,",,W,2400",0,",,W,",0,",,W,",144,"H,,S,",183,",,W,2400",72,",,W,2400",320,",,W,",330,",,W,",81,",,W,",121,",,W,",,,,,,
2018-05-12,GHCND:USW00014764,21,",,W,",0,",,W,2400",0,",,W,",0,",,W,",92,"H,,S,",128,",,W,2400",17,",,W,2400",180,",,W,",180,",,W,",67,",,W,",94,",,W,",1,",,W,",,,,
2018-05-13,GHCND:USW00014764,32,",,W,",0,",,W,2400",0,",,W,",0,",,W,",88,"H,,S,",139,",,W,2400",28,",,W,2400",180,",,W,",180,",,W,",76,",,W,",98,",,W,",1,",,W,",,,1,",,W,"
2018-05-14,GHCND:USW00014764,41,",,W,",0,",,W,2400",0,",,W,",0,",,W,",115,"H,,S,",161,",,W,2400",94,",,W,2400",170,",,W,",170,",,W,",98,",,W,",130,",,W,",,,,,,
2018-05-15,GHCND:USW00014764,33,",,W,",23,",,W,2400",0,",,W,",0,",,W,",157,"H,,S,",244,",,W,2400",100,",,W,2400",50,",,W,",350,",,W,",98,",,W,",134,",,W,",1,",,W,",,,,
2018-05-16,GHCND:USW00014764,38,",,W,",0,",,W,2400",0,",,W,",0,",,W,",119,"H,,S,",133,",,W,2400",89,",,W,2400",50,",,W,",60,",,W,",72,",,W,",116,",,W,",1,",,W,",,,,
2018-05-17,GHCND:USW00014764,25,",,W,",0,",,W,2400",0,",,W,",0,",,W,",136,"H,,S,",217,",,W,2400",83,",,W,2400",20,",,W,",50,",,W,",76,",,W,",107,",,W,",,,,,,
2018-05-18,GHCND:USW00014764,38,",,W,",0,",,W,2400",0,",,W,",0,",,W,",135,"H,,S,",161,",,W,2400",61,",,W,2400",30,",,W,",50,",,W,",81,",,W,",121,",,W,",,,,,,
2018-05-19,GHCND:USW00014764,27,",,W,",69,",,W,2400",0,",,W,",0,",,W,",91,"H,,S,",139,",,W,2400",28,",,W,2400",90,",,W,",130,",,W,",63,",,W,",94,",,W,",1,",,W,",,,,
2018-05-20,GHCND:USW00014764,37,",,W,",0,",,W,2400",0,",,W,",0,",,W,",157,"H,,S,",261,",,W,2400",94,",,W,2400",340,",,W,",330,",,W,",103,",,W,",134,",,W,",1,",,W,",,,,
2018-05-21,GHCND:USW00014764,28,",,W,",0,",,W,2400",0,",,W,",0,",,W,",174,"H,,S,",256,",,W,2400",67,",,W,2400",290,",,W,",170,",,W,",98,",,W,",125,",,W,",,,,,,
2018-05-22,GHCND:USW00014764,23,",,W,",8,",,W,2400",0,",,W,",0,",,W,",146,"H,,S,",167,",,W,2400",100,",,W,2400",80,",,W,",90,",,W,",72,",,W,",89,",,W,",,,,,,
2018-05-23,GHCND:USW00014764,38,",,W,",0,"T,,W,2400",0,",,W,",0,",,W,",168,"H,,S,",256,",,W,2400",111,",,W,2400",360,",,W,",340,",,W,",125,",,W,",174,",,W,",,,,,,
2018-05-24,GHCND:USW00014764,41,",,W,",0,",,W,2400",0,",,W,",0,",,W,",124,"H,,S,",150,",,W,2400",94,",,W,2400",180,",,W,",180,",,W,",103,",,W,",130,",,W,",,,,,,
2018-05-25,GHCND:USW00014764,38,",,W,",0,",,W,2400",0,",,W,",0,",,W,",197,"H,,S,",311,",,W,2400",100,",,W,2400",280,",,W,",290,",,W,",94,",,W,",139,",,W,",,,,,,
2018-05-26,GHCND:USW00014764,19,",,W,",10,",,W,2400",0,",,W,",0,",,W,",219,"H,,S,",239,",,W,2400",139,",,W,2400",80,",,W,",80,",,W,",94,",,W,",134,",,W,",1,",,W,",,,,
2018-05-27,GHCND:USW00014764,50,",,W,",0,"T,,W,2400",0,",,W,",0,",,W,",131,"H,,S,",144,",,W,2400",89,",,W,2400",80,",,W,",70,",,W,",89,",,W,",130,",,W,",,,,,,
2018-05-28,GHCND:USW00014764,36,",,W,",0,"T,,W,2400",0,",,W,",0,",,W,",107,"H,,S,",144,",,W,2400",89,",,W,2400",80,",,W,",170,",,W,",72,",,W,",89,",,W,",,,,,,
2018-05-29,GHCND:USW00014764,28,",,W,",0,",,W,2400",0,",,W,",0,",,W,",194,"H,,S,",300,",,W,2400",122,",,W,2400",320,",,W,",340,",,W,",89,",,W,",121,",,W,",1,",,W,",,,,
2018-05-30,GHCND:USW00014764,32,",,W,",0,",,W,2400",0,",,W,",0,",,W,",172,"H,,S,",206,",,W,2400",117,",,W,2400",180,",,W,",170,",,W,",76,",,W,",112,",,W,",,,,,,
2018-05-31,GHCND:USW00014764,44,",,W,",0,",,W,2400",0,",,W,",0,",,W,",170,"H,,S,",250,",,W,2400",111,",,W,2400",180,",,W,",190,",,W,",107,",,W,",139,",,W,",,,,,,
2018-06-01,GHCND:USW00014764,36,",,W,",0,"T,,W,2400",0,",,W,",0,",,W,",206,"H,,S,",267,",,W,2400",167,",,W,2400",170,",,W,",160,",,W,",72,",,W,",98,",,W,",,,,,,
2018-06-02,GHCND:USW00014764,46,",,W,",0,",,W,2400",0,",,W,",0,",,W,",226,"H,,S,",283,",,W,2400",128,",,W,2400",340,",,W,",50,",,W,",98,",,W,",130,",,W,",,,,,,
2018-06-03,GHCND:USW00014764,38,",,W,",0,",,W,2400",0,",,W,",0,",,W,",145,"H,,S,",156,",,W,2400",89,",,W,2400",50,",,W,",170,",,W,",67,",,W,",94,",,W,",,,,,,
2018-06-04,GHCND:USW00014764,46,",,W,",102,",,W,2400",0,",,W,",0,",,W,",99,"H,,S,",106,",,W,2400",78,",,W,2400",100,",,W,",110,",,W,",94,",,W,",130,",,W,",1,",,W,",,,,
2018-06-05,GHCND:USW00014764,25,",,W,",10,",,W,2400",0,",,W,",0,",,W,",94,"H,,S,",128,",,W,2400",78,",,W,2400",160,",,W,",130,",,W,",67,",,W,",85,",,W,",1,",,W,",,,,
2018-06-06,GHCND:USW00014764,20,",,W,",3,",,W,2400",0,",,W,",0,",,W,",119,"H,,S,",167,",,W,2400",100,",,W,2400",150,",,W,",170,",,W,",63,",,W,",89,",,W,",1,",,W,",,,,
2018-06-07,GHCND:USW00014764,31,",,W,",0,"T,,W,2400",0,",,W,",0,",,W,",136,"H,,S,",178,",,W,2400",100,",,W,2400",170,",,W,",180,",,W,",94,",,W,",143,",,W,",1,",,W,",,,,
2018-06-08,GHCND:USW00014764,26,",,W,",0,",,W,2400",0,",,W,",0,",,W,",179,"H,,S,",256,",,W,2400",111,",,W,2400",170,",,W,",170,",,W,",81,",,W,",116,",,W,",,,,,,
2018-06-09,GHCND:USW00014764,32,",,W,",0,",,W,2400",0,",,W,",0,",,W,",177,"H,,S,",256,",,W,2400",78,",,W,2400",320,",,W,",320,",,W,",81,",,W,",112,",,W,",,,,,,
2018-06-10,GHCND:USW00014764,30,",,W,",0,",,W,2400",0,",,W,",0,",,W,",164,"H,,S,",228,",,W,2400",83,",,W,2400",190,",,W,",330,",,W,",72,",,W,",94,",,W,",,,,,,
2018-06-11,GHCND:USW00014764,39,",,W,",0,",,W,2400",0,",,W,",0,",,W,",152,"H,,S,",194,",,W,2400",106,",,W,2400",200,",,W,",170,",,W,",76,",,W,",116,",,W,",,,,,,
2018-06-12,GHCND:USW00014764,42,",,W,",0,",,W,2400",0,",,W,",0,",,W,",183,"H,,S,",289,",,W,2400",83,",,W,2400",280,",,W,",270,",,W,",98,",,W,",143,",,W,",,,,,,
2018-06-13,GHCND:USW00014764,50,",,W,",0,"T,,W,2400",0,",,W,",0,",,W,",218,"H,,S,",278,",,W,2400",167,",,W,2400",190,",,W,",150,",,W,",98,",,W,",130,",,W,",,,,,,
2018-06-14,GHCND:USW00014764,43,",,W,",18,",,W,2400",0,",,W,",0,",,W,",199,"H,,S,",239,",,W,2400",122,",,W,2400",300,",,W,",270,",,W,",94,",,W,",130,",,W,",1,",,W,",,,,
2018-06-15,GHCND:USW00014764,28,",,W,",0,",,W,2400",0,",,W,",0,",,W,",148,"H,,S,",206,",,W,2400",111,",,W,2400",190,",,W,",150,",,W,",76,",,W,",103,",,W,",1,",,W,",,,,
2018-06-16,GHCND:USW00014764,35,",,W,",0,",,W,2400",0,",,W,",0,",,W,",204,"H,,S,",294,",,W,2400",106,",,W,2400",330,",,W,",330,",,W,",89,",,W,",121,",,W,",,,,,,
2018-06-17,GHCND:USW00014764,36,",,W,",0,",,W,2400",0,",,W,",0,",,W,",179,"H,,S,",206,",,W,2400",122,",,W,2400",90,",,W,",130,",,W,",63,",,W,",98,",,W,",1,",,W,",,,,
2018-06-18,GHCND:USW00014764,41,",,W,",277,",,W,2400",0,",,W,",0,",,W,",199,"H,,S,",328,",,W,2400",128,",,W,2400",190,",,W,",200,",,W,",94,",,W,",125,",,W,",1,",,W,",1,",,W,",,
2018-06-19,GHCND:USW00014764,53,",,W,",13,",,W,2400",0,",,W,",0,",,W,",229,"H,,S,",256,",,W,2400",139,",,W,2400",300,",,W,",340,",,W,",107,",,W,",170,",,W,",1,",,W,",,,,
2018-06-20,GHCND:USW00014764,38,",,W,",0,",,W,2400",0,",,W,",0,",,W,",193,"H,,S,",256,",,W,2400",106,",,W,2400",160,",,W,",170,",,W,",98,",,W,",125,",,W,",,,,,,
2018-06-21,GHCND:USW00014764,26,",,W,",0,"T,,W,2400",0,",,W,",0,",,W,",197,"H,,S,",233,",,W,2400",133,",,W,2400",160,",,W,",170,",,W,",76,",,W,",94,",,W,",,,,,,
2018-06-22,GHCND:USW00014764,33,",,W,",0,",,W,2400",0,",,W,",0,",,W,",166,"H,,S,",211,",,W,2400",106,",,W,2400",180,",,W,",180,",,W,",76,",,W,",98,",,W,",,,,,,
2018-06-23,GHCND:USW00014764,19,",,W,",46,",,W,2400",0,",,W,",0,",,W,",152,"H,,S,",189,",,W,2400",117,",,W,2400",120,",,W,",350,",,W,",54,",,W,",76,",,W,",1,",,W,",,,,
2018-06-24,GHCND:USW00014764,20,",,W,",3,",,W,2400",0,",,W,",0,",,W,",164,"H,,S,",228,",,W,2400",122,",,W,2400",160,",,W,",90,",,W,",72,",,W,",81,",,W,",1,",,W,",,,,
2018-06-25,GHCND:USW00014764,38,",,W,",8,",,W,2400",0,",,W,",0,",,W,",182,"H,,S,",217,",,W,2400",117,",,W,2400",360,",,W,",350,",,W,",130,",,W,",165,",,W,",1,",,W,",1,",,W,",,
2018-06-26,GHCND:USW00014764,34,",,W,",0,",,W,2400",0,",,W,",0,",,W,",170,"H,,S,",244,",,W,2400",100,",,W,2400",180,",,W,",180,",,W,",94,",,W,",116,",,W,",,,,,,
2018-06-27,GHCND:USW00014764,38,",,W,",10,",,W,2400",0,",,W,",0,",,W,",196,"H,,S,",278,",,W,2400",122,",,W,2400",170,",,W,",190,",,W,",81,",,W,",139,",,W,",,,,,,
2018-06-28,GHCND:USW00014764,39,",,W,",351,",,W,2400",0,",,W,",0,",,W,",181,"H,,S,",194,",,W,2400",161,",,W,2400",170,",,W,",170,",,W,",89,",,W,",130,",,W,",1,",,W,",1,",,W,",1,",,W,"
2018-06-29,GHCND:USW00014764,30,",,W,",0,",,W,2400",0,",,W,",0,",,W,",226,"H,,S,",294,",,W,2400",178,",,W,2400",170,",,W,",150,",,W,",89,",,W,",112,",,W,",1,",,W,",,,1,",,W,"
2018-06-30,GHCND:USW00014764,40,",,W,",0,",,W,2400",0,",,W,",0,",,W,",237,"H,,S,",294,",,W,2400",183,",,W,2400",180,",,W,",170,",,W,",98,",,W,",134,",,W,",,,,,,
2018-07-01,GHCND:USW00014764,30,",,W,",13,",,W,2400",0,",,W,",0,",,W,",256,"H,,S,",311,",,W,2400",206,",,W,2400",90,",,W,",140,",,W,",76,",,W,",107,",,W,",,,,,,,,
2018-07-02,GHCND:USW00014764,31,",,W,",0,",,W,2400",0,",,W,",0,",,W,",216,"H,,S,",244,",,W,2400",178,",,W,2400",90,",,W,",90,",,W,",72,",,W,",89,",,W,",1,",,W,",,,,,,
2018-07-03,GHCND:USW00014764,20,",,W,",0,"T,,W,2400",0,",,W,",0,",,W,",236,"H,,S,",311,",,W,2400",178,",,W,2400",160,",,W,",180,",,W,",72,",,W,",121,",,W,",1,",,W,",1,",,W,",1,",,W,",,
2018-07-04,GHCND:USW00014764,27,",,W,",0,",,W,2400",0,",,W,",0,",,W,",273,"H,,S,",339,",,W,2400",200,",,W,2400",180,",,W,",160,",,W,",72,",,W,",148,",,W,",,,,,,,,
2018-07-05,GHCND:USW00014764,43,",,W,",0,",,W,2400",0,",,W,",0,",,W,",263,"H,,S,",317,",,W,2400",194,",,W,2400",180,",,W,",180,",,W,",107,",,W,",143,",,W,",,,,,,,,
2018-07-06,GHCND:USW00014764,58,",,W,",23,",,W,2400",0,",,W,",0,",,W,",263,"H,,S,",306,",,W,2400",156,",,W,2400",340,",,W,",340,",,W,",112,",,W,",165,",,W,",1,",,W,",,,,,,
2018-07-07,GHCND:USW00014764,29,",,W,",0,",,W,2400",0,",,W,",0,",,W,",189,"H,,S,",256,",,W,2400",106,",,W,2400",180,",,W,",180,",,W,",76,",,W,",107,",,W,",,,,,,,,
2018-07-08,GHCND:USW00014764,32,",,W,",0,",,W,2400",0,",,W,",0,",,W,",197,"H,,S,",267,",,W,2400",111,",,W,2400",170,",,W,",170,",,W,",81,",,W,",121,",,W,",,,,,,,,
2018-07-09,GHCND:USW00014764,29,",,W,",0,",,W,2400",0,",,W,",0,",,W,",219,"H,,S,",289,",,W,2400",144,",,W,2400",180,",,W,",160,",,W,",89,",,W,",121,",,W,",,,,,,,,
2018-07-10,GHCND:USW00014764,28,",,W,",0,"T,,W,2400",0,",,W,",0,",,W,",233,"H,,S,",317,",,W,2400",150,",,W,2400",350,",,W,",350,",,W,",107,",,W,",170,",,W,",,,1,",,W,",,,,
2018-07-11,GHCND:USW00014764,36,",,W,",0,",,W,2400",0,",,W,",0,",,W,",225,"H,,S,",261,",,W,2400",150,",,W,2400",80,",,W,",20,",,W,",72,",,W,",98,",,W,",,,,,,,,
2018-07-12,GHCND:USW00014764,28,",,W,",0,",,W,2400",0,",,W,",0,",,W,",204,"H,,S,",272,",,W,2400",144,",,W,2400",180,",,W,",170,",,W,",76,",,W,",121,",,W,",,,,,,,,
2018-07-13,GHCND:USW00014764,32,",,W,",0,"T,,W,2400",0,",,W,",0,",,W,",208,"H,,S,",244,",,W,2400",156,",,W,2400",110,",,W,",160,",,W,",72,",,W,",98,",,W,",,,,,,,,
2018-07-14,GHCND:USW00014764,24,",,W,",0,"T,,W,2400",0,",,W,",0,",,W,",179,"H,,S,",222,",,W,2400",133,",,W,2400",180,",,W,",160,",,W,",63,",,W,",94,",,W,",1,",,W,",,,,,,
2018-07-15,GHCND:USW00014764,20,",,W,",0,",,W,2400",0,",,W,",0,",,W,",199,"H,,S,",239,",,W,2400",172,",,W,2400",160,",,W,",170,",,W,",72,",,W,",94,",,W,",,,,,,,,
2018-07-16,GHCND:USW00014764,22,",,W,",0,",,W,2400",0,",,W,",0,",,W,",202,"H,,S,",256,",,W,2400",167,",,W,2400",80,",,W,",160,",,W,",81,",,W,",98,",,W,",1,",,W,",,,,,1,",,W,"
2018-07-17,GHCND:USW00014764,22,",,W,",297,",,W,2400",0,",,W,",0,",,W,",206,"H,,S,",267,",,W,2400",178,",,W,2400",360,",,W,",320,",,W,",63,",,W,",94,",,W,",1,",,W,",1,",,W,",1,",,W,",1,",,W,"
2018-07-18,GHCND:USW00014764,39,",,W,",0,",,W,2400",0,",,W,",0,",,W,",222,"H,,S,",267,",,W,2400",172,",,W,2400",340,",,W,",310,",,W,",98,",,W,",139,",,W,",,,,,,,,
2018-07-19,GHCND:USW00014764,30,",,W,",0,",,W,2400",0,",,W,",0,",,W,",201,"H,,S,",256,",,W,2400",117,",,W,2400",160,",,W,",170,",,W,",67,",,W,",103,",,W,",,,,,,,,
2018-07-20,GHCND:USW00014764,22,",,W,",0,",,W,2400",0,",,W,",0,",,W,",202,"H,,S,",272,",,W,2400",122,",,W,2400",180,",,W,",170,",,W,",67,",,W,",112,",,W,",1,",,W,",,,,,,
2018-07-21,GHCND:USW00014764,20,",,W,",0,",,W,2400",0,",,W,",0,",,W,",190,"H,,S,",244,",,W,2400",122,",,W,2400",90,",,W,",90,",,W,",67,",,W,",94,",,W,",1,",,W,",,,,,1,",,W,"
2018-07-22,GHCND:USW00014764,31,",,W,",84,",,W,2400",0,",,W,",0,",,W,",170,"H,,S,",211,",,W,2400",144,",,W,2400",70,",,W,",90,",,W,",76,",,W,",116,",,W,",1,",,W,",,,,,1,",,W,"
2018-07-23,GHCND:USW00014764,42,",,W,",18,",,W,2400",0,",,W,",0,",,W,",221,"H,,S,",256,",,W,2400",211,",,W,2400",160,",,W,",160,",,W,",76,",,W,",116,",,W,",1,",,W,",,,,,,
2018-07-24,GHCND:USW00014764,39,",,W,",0,",,W,2400",0,",,W,",0,",,W,",217,"H,,S,",239,",,W,2400",200,",,W,2400",170,",,W,",180,",,W,",72,",,W,",116,",,W,",1,",,W,",,,,,,
2018-07-25,GHCND:USW00014764,47,",,W,",0,",,W,2400",0,",,W,",0,",,W,",223,"H,,S,",261,",,W,2400",200,",,W,2400",180,",,W,",180,",,W,",81,",,W,",143,",,W,",1,",,W,",,,,,1,",,W,"
2018-07-26,GHCND:USW00014764,37,",,W,",267,",,W,2400",0,",,W,",0,",,W,",221,"H,,S,",256,",,W,2400",194,",,W,2400",160,",,W,",160,",,W,",94,",,W,",157,",,W,",1,",,W,",1,",,W,",,,,
2018-07-27,GHCND:USW00014764,25,",,W,",173,",,W,2400",0,",,W,",0,",,W,",228,"H,,S,",272,",,W,2400",161,",,W,2400",90,",,W,",180,",,W,",89,",,W,",112,",,W,",1,",,W,",1,",,W,",,,1,",,W,"
2018-07-28,GHCND:USW00014764,30,",,W,",38,",,W,2400",0,",,W,",0,",,W,",229,"H,,S,",272,",,W,2400",194,",,W,2400",180,",,W,",180,",,W,",89,",,W,",125,",,W,",1,",,W,",1,",,W,",,,,
2018-07-29,GHCND:USW00014764,19,",,W,",0,",,W,2400",0,",,W,",0,",,W,",227,"H,,S,",278,",,W,2400",172,",,W,2400",70,",,W,",70,",,W,",58,",,W,",81,",,W,",1,",,W,",,,,,,
2018-07-30,GHCND:USW00014764,23,",,W,",0,",,W,2400",0,",,W,",0,",,W,",216,"H,,S,",272,",,W,2400",150,",,W,2400",180,",,W,",180,",,W,",67,",,W,",89,",,W,",,,,,,,,
2018-07-31,GHCND:USW00014764,20,",,W,",0,",,W,2400",0,",,W,",0,",,W,",225,"H,,S,",278,",,W,2400",172,",,W,2400",170,",,W,",170,",,W,",67,",,W,",89,",,W,",,,,,,,,
2018-08-01,GHCND:USW00014764,24,",,W,",208,",,W,2400",0,",,W,",0,",,W,",215,"H,,S,",261,",,W,2400",178,",,W,2400",140,",,W,",170,",,W,",72,",,W,",107,",,W,",1,",,W,",1,",,W,",1,",,W,"
2018-08-02,GHCND:USW00014764,35,",,W,",0,",,W,2400",0,",,W,",0,",,W,",257,"H,,S,",322,",,W,2400",217,",,W,2400",290,",,W,",250,",,W,",81,",,W,",121,",,W,",1,",,W,",,,,
2018-08-03,GHCND:USW00014764,26,",,W,",140,",,W,2400",0,",,W,",0,",,W,",261,"H,,S,",306,",,W,2400",211,",,W,2400",290,",,W,",180,",,W,",76,",,W,",107,",,W,",1,",,W,",,,1,",,W,"
2018-08-04,GHCND:USW00014764,18,",,W,",155,",,W,2400",0,",,W,",0,",,W,",226,"H,,S,",256,",,W,2400",194,",,W,2400",320,",,W,",210,",,W,",54,",,W,",76,",,W,",1,",,W,",1,",,W,",,
2018-08-05,GHCND:USW00014764,17,",,W,",0,",,W,2400",0,",,W,",0,",,W,",229,"H,,S,",283,",,W,2400",189,",,W,2400",180,",,W,",180,",,W,",58,",,W,",81,",,W,",1,",,W,",1,",,W,",,
2018-08-06,GHCND:USW00014764,20,",,W,",0,",,W,2400",0,",,W,",0,",,W,",258,"H,,S,",339,",,W,2400",189,",,W,2400",190,",,W,",150,",,W,",67,",,W,",103,",,W,",1,",,W,",,,,
2018-08-07,GHCND:USW00014764,27,",,W,",0,",,W,2400",0,",,W,",0,",,W,",275,"H,,S,",339,",,W,2400",217,",,W,2400",170,",,W,",170,",,W,",72,",,W,",116,",,W,",,,,,1,",,W,"
2018-08-08,GHCND:USW00014764,22,",,W,",15,",,W,2400",0,",,W,",0,",,W,",254,"H,,S,",283,",,W,2400",217,",,W,2400",70,",,W,",80,",,W,",67,",,W,",81,",,W,",1,",,W,",1,",,W,",,
2018-08-09,GHCND:USW00014764,25,",,W,",3,",,W,2400",0,",,W,",0,",,W,",254,"H,,S,",311,",,W,2400",211,",,W,2400",300,",,W,",290,",,W,",72,",,W,",89,",,W,",1,",,W,",1,",,W,",1,",,W,"
2018-08-10,GHCND:USW00014764,22,",,W,",0,",,W,2400",0,",,W,",0,",,W,",242,"H,,S,",283,",,W,2400",167,",,W,2400",360,",,W,",350,",,W,",63,",,W,",89,",,W,",,,,,,
2018-08-11,GHCND:USW00014764,17,",,W,",0,"T,,W,2400",0,",,W,",0,",,W,",194,"H,,S,",239,",,W,2400",144,",,W,2400",150,",,W,",150,",,W,",45,",,W,",49,",,W,",,,,,,
2018-08-12,GHCND:USW00014764,31,",,W,",76,",,W,2400",0,",,W,",0,",,W,",193,"H,,S,",211,",,W,2400",178,",,W,2400",80,",,W,",80,",,W,",63,",,W,",85,",,W,",1,",,W,",,,,
2018-08-13,GHCND:USW00014764,26,",,W,",0,",,W,2400",0,",,W,",0,",,W,",199,"H,,S,",217,",,W,2400",183,",,W,2400",100,",,W,",140,",,W,",54,",,W,",112,",,W,",1,",,W,",1,",,W,",,
2018-08-14,GHCND:USW00014764,25,",,W,",89,",,W,2400",0,",,W,",0,",,W,",198,"H,,S,",239,",,W,2400",183,",,W,2400",90,",,W,",90,",,W,",58,",,W,",85,",,W,",1,",,W,",1,",,W,",,
2018-08-15,GHCND:USW00014764,14,",,W,",0,"T,,W,2400",0,",,W,",0,",,W,",226,"H,,S,",283,",,W,2400",206,",,W,2400",190,",,W,",180,",,W,",67,",,W,",85,",,W,",1,",,W,",,,,
2018-08-16,GHCND:USW00014764,20,",,W,",0,"T,,W,2400",0,",,W,",0,",,W,",245,"H,,S,",294,",,W,2400",172,",,W,2400",320,",,W,",360,",,W,",67,",,W,",89,",,W,",,,,,,
2018-08-17,GHCND:USW00014764,17,",,W,",69,",,W,2400",0,",,W,",0,",,W,",200,"H,,S,",250,",,W,2400",144,",,W,2400",130,",,W,",130,",,W,",58,",,W,",67,",,W,",1,",,W,",,,1,",,W,"
2018-08-18,GHCND:USW00014764,36,",,W,",25,",,W,2400",0,",,W,",0,",,W,",231,"H,,S,",278,",,W,2400",178,",,W,2400",30,",,W,",70,",,W,",94,",,W,",139,",,W,",1,",,W,",,,1,",,W,"
2018-08-19,GHCND:USW00014764,33,",,W,",0,",,W,2400",0,",,W,",0,",,W,",199,"H,,S,",239,",,W,2400",144,",,W,2400",50,",,W,",90,",,W,",67,",,W,",89,",,W,",,,,,,
2018-08-20,GHCND:USW00014764,24,",,W,",0,",,W,2400",0,",,W,",0,",,W,",192,"H,,S,",228,",,W,2400",144,",,W,2400",100,",,W,",90,",,W,",63,",,W,",89,",,W,",,,,,,
2018-08-21,GHCND:USW00014764,16,",,W,",0,",,W,2400",0,",,W,",0,",,W,",177,"H,,S,",222,",,W,2400",133,",,W,2400",140,",,W,",90,",,W,",58,",,W,",85,",,W,",1,",,W,",1,",,W,",,
2018-08-22,GHCND:USW00014764,25,",,W,",193,",,W,2400",0,",,W,",0,",,W,",198,"H,,S,",261,",,W,2400",178,",,W,2400",120,",,W,",140,",,W,",54,",,W,",81,",,W,",1,",,W,",,,,
2018-08-23,GHCND:USW00014764,26,",,W,",0,",,W,2400",0,",,W,",0,",,W,",201,"H,,S,",250,",,W,2400",139,",,W,2400",330,",,W,",330,",,W,",63,",,W,",89,",,W,",,,,,,
2018-08-24,GHCND:USW00014764,22,",,W,",0,",,W,2400",0,",,W,",0,",,W,",192,"H,,S,",267,",,W,2400",122,",,W,2400",180,",,W,",180,",,W,",58,",,W,",76,",,W,",,,,,,
2018-08-25,GHCND:USW00014764,27,",,W,",0,",,W,2400",0,",,W,",0,",,W,",202,"H,,S,",250,",,W,2400",144,",,W,2400",190,",,W,",180,",,W,",72,",,W,",107,",,W,",,,,,,
2018-08-26,GHCND:USW00014764,30,",,W,",0,",,W,2400",0,",,W,",0,",,W,",204,"H,,S,",244,",,W,2400",161,",,W,2400",190,",,W,",180,",,W,",67,",,W,",112,",,W,",1,",,W,",,,,
2018-08-27,GHCND:USW00014764,22,",,W,",0,",,W,2400",0,",,W,",0,",,W,",236,"H,,S,",300,",,W,2400",183,",,W,2400",170,",,W,",350,",,W,",63,",,W,",89,",,W,",,,,,,
2018-08-28,GHCND:USW00014764,27,",,W,",0,",,W,2400",0,",,W,",0,",,W,",264,"H,,S,",339,",,W,2400",211,",,W,2400",210,",,W,",200,",,W,",67,",,W,",103,",,W,",,,,,,
2018-08-29,GHCND:USW00014764,30,",,W,",0,"T,,W,2400",0,",,W,",0,",,W,",275,"H,,S,",317,",,W,2400",217,",,W,2400",170,",,W,",180,",,W,",107,",,W,",134,",,W,",,,,,,
2018-08-30,GHCND:USW00014764,39,",,W,",0,"T,,W,2400",0,",,W,",0,",,W,",250,"H,,S,",283,",,W,2400",150,",,W,2400",360,",,W,",360,",,W,",76,",,W,",103,",,W,",,,,,,
2018-08-31,GHCND:USW00014764,20,",,W,",0,",,W,2400",0,",,W,",0,",,W,",178,"H,,S,",217,",,W,2400",117,",,W,2400",150,",,W,",70,",,W,",54,",,W,",72,",,W,",,,,,,
